Barcode,seurat_clusters
AATCACGAGAAATTGC-1,4
AATCACGAGCAGCCCT-1,2
AATCACGAGCTTAAGA-1,3
AATCACGAGCTTGTTG-1,0
AATCACGAGGCTCAAG-1,6
AATCACGCAATTAGGA-1,3
AATCACGCACATATGC-1,0
AATCACGCACTAAACC-1,1
AATCACGCAGACCTAT-1,2
AATCACGGTATACCTG-1,3
AATCACGGTCACTCGG-1,6
AATCACGTCAAGAAAC-1,3
AATCACGTCAGGGATG-1,5
AATCACGTCATCGCTC-1,6
AATCACGTCCCGTTGT-1,1
AATCACGTCCTACAAG-1,2
AATCACGTCGCCCAGA-1,0
AATCACGTCTTAGCCC-1,7
ACAGAAAAGACCATTC-1,4
ACAGAAAAGCATTGAA-1,8
ACAGAAAAGTAATTGG-1,4
ACAGAAAAGTGTTGAA-1,1
ACAGAAACAATAGTAG-1,3
ACAGAAACAATTAGGA-1,3
ACAGAAACACTACCGG-1,1
ACAGAAACATGTTCGA-1,9
ACAGAAAGTACGGGAT-1,0
ACAGAAAGTCGTGCCA-1,9
ACAGAAATCAATCCAG-1,4
ACAGAAATCGCCCAGA-1,9
ACCCTTGAGACCAGAC-1,1
ACCCTTGAGGCGTTAG-1,4
ACCCTTGAGTAATTGG-1,2
ACCCTTGCAAACCATC-1,4
ACCCTTGCACTACCGG-1,6
ACCCTTGGTAATGCTC-1,2
ACCCTTGGTATGCGTT-1,6
ACCCTTGGTCACTCGG-1,5
ACCCTTGGTGACAGGT-1,6
ACCCTTGGTGCGGTAA-1,2
ACCCTTGGTTAAGACA-1,5
ACCCTTGTCCTGCTAC-1,4
ACGTCCTAGCGACATG-1,3
ACGTCCTAGGGCGAAG-1,0
ACGTCCTAGTAATTGG-1,2
ACGTCCTAGTCTTGGT-1,0
ACGTCCTAGTGTTGAA-1,2
ACGTCCTCAATCTCGA-1,0
ACGTCCTCACATGAAA-1,6
ACGTCCTCAGCAGTGA-1,5
ACGTCCTCAGTGTGCC-1,1
ACGTCCTCATGTTCGA-1,3
ACGTCCTGTAACGCGA-1,3
ACGTCCTGTACTGAGG-1,0
ACGTCCTGTAGAATGT-1,2
ACGTCCTGTCACGCTG-1,4
ACGTCCTGTCTAGGTT-1,1
ACGTCCTTCCCAAGCG-1,1
ACGTCCTTCGCCACTT-1,2
ACGTCCTTCTAGTCAG-1,0
ACTATTCAGACGTCCC-1,2
ACTATTCAGATCGCCC-1,6
ACTATTCAGCAGGTCA-1,12
ACTATTCAGTAATTGG-1,0
ACTATTCCAACCAATC-1,0
ACTATTCCAATCTCGA-1,0
ACTATTCCACTACGGC-1,0
ACTATTCCATCCTATT-1,8
ACTATTCCATTATGCG-1,1
ACTATTCGTAACGCGA-1,0
ACTATTCGTCCCGGTA-1,0
ACTATTCGTCGGTGTC-1,2
ACTATTCGTGCCTTCT-1,5
ACTATTCGTTAGGAGC-1,1
ACTATTCGTTGGACCC-1,4
ACTATTCTCCTGCTAC-1,5
ACTGTGAAGCAATTAG-1,0
ACTGTGAAGCTGGTGA-1,0
ACTGTGAAGGAACTCG-1,5
ACTGTGAAGGCTCAAG-1,2
ACTGTGAAGGTACAGC-1,0
ACTGTGACAATCTGCA-1,5
ACTGTGACAGTGTGCC-1,2
ACTGTGAGTCGTATGT-1,7
ACTGTGAGTTGGAGGT-1,3
ACTGTGATCCAACTAG-1,5
ACTGTGATCCTGCTAC-1,2
ACTGTGATCTCATAGG-1,6
ACTTTCAAGACCATTC-1,2
ACTTTCAAGCATTGAA-1,8
ACTTTCAAGGATCACG-1,4
ACTTTCAAGGTTGGAC-1,2
ACTTTCACAATCTGCA-1,7
ACTTTCACACCAGCGT-1,5
ACTTTCACAGGGAATC-1,4
ACTTTCACATCAGTGT-1,4
ACTTTCACATGAATAG-1,7
ACTTTCAGTAGTGTGG-1,3
ACTTTCAGTATACCTG-1,1
ACTTTCAGTCAAGCGA-1,12
ACTTTCAGTCCACACG-1,1
ACTTTCAGTTCCGTTC-1,9
ACTTTCATCCATTGCC-1,6
ACTTTCATCTGCCCTA-1,0
AGACACTAGGATCACG-1,1
AGACACTAGGTTACAA-1,5
AGACACTAGTGTGTTC-1,1
AGACACTCAAGTCGTT-1,2
AGACACTCAATCTGCA-1,5
AGACACTCACACCGCA-1,5
AGACACTCACTACACA-1,5
AGACACTCAGTTTCGA-1,6
AGACACTCATTATGCG-1,3
AGACACTGTCAAGCCC-1,1
AGACACTGTCCCGGTA-1,6
AGACACTGTCGTGCCA-1,4
AGACACTGTGACGCCT-1,6
AGACACTGTTGGACCC-1,1
AGACACTTCACAAGAA-1,4
AGACACTTCCTGCTAC-1,3
AGACACTTCGTCGGGT-1,4
AGGGAGTAGCGACATG-1,2
AGGGAGTAGCTCTGTA-1,9
AGGGAGTAGGATCACG-1,9
AGGGAGTAGGCCTAGA-1,3
AGGGAGTAGGTACAGC-1,1
AGGGAGTAGGTCTACT-1,1
AGGGAGTAGTAATTGG-1,0
AGGGAGTCATCTCCCA-1,2
AGGGAGTGTACTGAGG-1,5
AGGGAGTGTTAAGACA-1,3
AGGGAGTTCCGCTTAC-1,9
AGGGAGTTCCTTCACG-1,5
AGGGTGAAGCAATTAG-1,10
AGGGTGAAGCACCTGC-1,9
AGGGTGAAGCACTCTA-1,5
AGGGTGAAGCAGCCCT-1,0
AGGGTGAAGGCGTTAG-1,5
AGGGTGAAGGGAGGTG-1,7
AGGGTGAAGGTCTACT-1,8
AGGGTGAAGTCTTGGT-1,6
AGGGTGACAACCAATC-1,0
AGGGTGACAAGAGTAT-1,1
AGGGTGACATGAAGCG-1,6
AGGGTGACATGTTCGA-1,1
AGGGTGAGTAACTTCG-1,3
AGGGTGATCCACGTAA-1,4
AGGGTGATCTGCCCTA-1,1
AGTAACCAGACGTCGA-1,3
AGTAACCAGGTTGCCC-1,4
AGTAACCAGGTTGGAC-1,5
AGTAACCAGTAATTGG-1,13
AGTAACCAGTAGGAAG-1,0
AGTAACCAGTGCGTCC-1,2
AGTAACCCACAGAGAC-1,5
AGTAACCCACCCTCTA-1,0
AGTAACCCACTAAACC-1,0
AGTAACCCAGCAGTGA-1,3
AGTAACCCAGTTTCGA-1,0
AGTAACCGTATGAGCG-1,6
AGTAACCGTCACGCTG-1,5
AGTAACCGTGATTGGG-1,6
AGTAACCGTTGGAGGT-1,4
AGTAACCTCTCCAATT-1,3
AGTAACCTCTGCCCTA-1,5
AGTAACCTCTGTGCGG-1,3
AGTAGTCAGAAATTGC-1,6
AGTAGTCAGACCATTC-1,12
AGTAGTCAGGTTACAA-1,3
AGTAGTCAGTAATTGG-1,0
AGTAGTCCACTACCGG-1,5
AGTAGTCCATCCTATT-1,2
AGTAGTCCATGAAGGC-1,0
AGTAGTCGTACTGAGG-1,9
AGTAGTCGTAGGTTTC-1,2
AGTAGTCGTTCCGTTC-1,6
AGTAGTCTCATGCCCT-1,0
AGTAGTCTCCACGTAA-1,12
AGTAGTCTCCTTATCA-1,0
AGTAGTCTCTCACTCG-1,11
AGTGACTAGATGCTTC-1,1
AGTGACTAGCAGCCCT-1,1
AGTGACTAGGATCACG-1,2
AGTGACTAGGCGTTAG-1,7
AGTGACTAGGTCTACT-1,0
AGTGACTAGGTTGCCC-1,2
AGTGACTCAATAGTAG-1,9
AGTGACTCACACCGCA-1,6
AGTGACTCACCAGCGT-1,4
AGTGACTGTAACTTCG-1,1
AGTGACTGTCCACACG-1,1
AGTGACTGTCGTATGT-1,3
AGTGACTGTGATTGGG-1,0
AGTGACTGTGTCTAAC-1,3
AGTGACTGTTCGAAGG-1,2
AGTGACTGTTGGAGGT-1,9
AGTGACTTCCGGACGT-1,10
AGTGACTTCTCACTCG-1,0
ATGAGTCAGAAATTGC-1,4
ATGAGTCAGGCGTTAG-1,1
ATGAGTCAGGTTACAA-1,0
ATGAGTCAGTCCCAAT-1,5
ATGAGTCAGTCTTGGT-1,3
ATGAGTCAGTGGCCTC-1,2
ATGAGTCCACAGAGAC-1,0
ATGAGTCCACCGTGAC-1,0
ATGAGTCCACGCGCAT-1,0
ATGAGTCCACTACACA-1,8
ATGAGTCCACTATGTG-1,2
ATGAGTCCAGGTTCAT-1,3
ATGAGTCCATGAATAG-1,5
ATGAGTCGTAGGTTTC-1,1
ATGAGTCGTATAGGAT-1,4
ATGAGTCGTCGTGCCA-1,3
ATGAGTCGTCTAGGTT-1,3
ATGAGTCTCCTTATCA-1,3
ATGAGTCTCTCATAGG-1,3
ATGAGTCTCTCTAGGA-1,1
ATGAGTCTCTGAATCG-1,1
CACAGATAGAGAGCGA-1,1
CACAGATAGAGAGCGG-1,1
CACAGATAGCATTGAA-1,2
CACAGATAGGTTGCCC-1,1
CACAGATCAAGTCGTT-1,0
CACAGATCACCAGCGT-1,1
CACAGATCAGCTGCCA-1,1
CACAGATCAGGGAATC-1,4
CACAGATGTAATGCTC-1,4
CACAGATGTAGCGTAG-1,0
CACAGATGTTAAGCAA-1,2
CACAGATTCAATCCAG-1,1
CACAGATTCCCAAGCG-1,2
CACAGATTCCGAGAAG-1,1
CACAGATTCCGGACGT-1,5
CACAGATTCTCATAGG-1,1
CACAGATTCTTAGCAG-1,0
CAGCAGCAGGCGTTAG-1,7
CAGCAGCAGGCTCAAG-1,3
CAGCAGCAGGGAGGTG-1,3
CAGCAGCCAAGTAGTA-1,0
CAGCAGCCAATAGTAG-1,9
CAGCAGCCAATCTCGA-1,2
CAGCAGCCACATGAAA-1,3
CAGCAGCCAGACCTAT-1,6
CAGCAGCCATCCTATT-1,4
CAGCAGCGTAACTTCG-1,0
CAGCAGCGTCCACACG-1,6
CAGCAGCTCGCCACTT-1,4
CAGCAGCTCTCACTCG-1,5
CAGCAGCTCTGTGCGG-1,2
CAGCGTGAGCTTAAGA-1,9
CAGCGTGAGTCCCAAT-1,1
CAGCGTGAGTCTTGGT-1,0
CAGCGTGCAATAGTAG-1,4
CAGCGTGCAATCTCGA-1,2
CAGCGTGCACATATGC-1,1
CAGCGTGCACCAGCGT-1,4
CAGCGTGCACTTCAGA-1,2
CAGCGTGCAGTTTCGA-1,0
CAGCGTGCATTATGCG-1,5
CAGCGTGGTAATGCTC-1,0
CAGCGTGGTATACCTG-1,0
CAGCGTGGTCTAGGTT-1,4
CAGCGTGGTGGCTTAT-1,3
CAGCGTGGTTCCGTTC-1,5
CAGCGTGTCAGGGATG-1,1
CAGCGTGTCCAACTAG-1,2
CAGCGTGTCCTTATCA-1,5
CAGCGTGTCTCTAGGA-1,5
CAGGCCAAGACGTCGA-1,3
CAGGCCAAGATGCTTC-1,7
CAGGCCAAGCTCTGTA-1,6
CAGGCCAAGCTGGTGA-1,3
CAGGCCAAGTAGGAAG-1,4
CAGGCCAAGTCTTGGT-1,2
CAGGCCAAGTGTGTTC-1,3
CAGGCCACAAGAGTAT-1,4
CAGGCCACATCCTATT-1,2
CAGGCCACATGAAGGC-1,4
CAGGCCAGTATAGGAT-1,2
CAGGCCAGTATGCGTT-1,2
CAGGCCAGTTCCACGG-1,1
CAGGCCATCATCGCTC-1,3
CAGGCCATCCGCTTAC-1,1
CAGGCCATCCTACAAG-1,5
CATACAGAGCATTGAA-1,5
CATACAGAGGGAGGTG-1,10
CATACAGAGTGGCCTC-1,3
CATACAGCACTACACA-1,8
CATACAGCAGGGAATC-1,0
CATACAGCATGGCTAT-1,8
CATACAGGTCGAATGG-1,0
CATACAGGTCGGTGTC-1,1
CATACAGGTGCCTTCT-1,0
CATACAGGTGCGGTAA-1,4
CATACAGGTTGGACCC-1,4
CATACAGTCCAATCCC-1,1
CATACAGTCCCAAGCG-1,1
CATACAGTCCGCACGA-1,5
CATACAGTCTTCCTAA-1,4
CCCTCTCAGATCGCCC-1,3
CCCTCTCAGCCTCTTC-1,9
CCCTCTCAGCTTAAGA-1,9
CCCTCTCAGGTTGGAC-1,1
CCCTCTCAGTAGGAAG-1,6
CCCTCTCAGTATAACG-1,8
CCCTCTCCAAGAGTAT-1,7
CCCTCTCCACCGTGAC-1,5
CCCTCTCGTCAAGCGA-1,3
CCCTCTCGTTTGATCG-1,0
CCCTCTCTCCTTATCA-1,5
CCCTCTCTCGCCCAGA-1,5
CCCTCTCTCTCATAGG-1,6
CCCTCTCTCTGAATCG-1,5
CGGCAGTAGATACCAA-1,3
CGGCAGTAGGTACAGC-1,1
CGGCAGTAGTAGTCTC-1,0
CGGCAGTCAAGAGAGA-1,1
CGGCAGTCAAGAGTAT-1,6
CGGCAGTCAGTGTGCC-1,6
CGGCAGTCATCTCCCA-1,1
CGGCAGTGTAGTGTGG-1,0
CGGCAGTGTATACCTG-1,2
CGGCAGTGTCAAGCCC-1,0
CGGCAGTTCCCGTTGT-1,6
CGGCAGTTCCGAGAAG-1,2
CGGCAGTTCGCCCAGA-1,4
CGTCCATAGATACCAA-1,5
CGTCCATAGCGAATGC-1,2
CGTCCATAGCTCTGTA-1,7
CGTCCATAGGATCACG-1,4
CGTCCATAGGTACAGC-1,2
CGTCCATAGGTTACAA-1,2
CGTCCATCAACCAATC-1,2
CGTCCATCAAGAGTAT-1,4
CGTCCATCAATCAAGA-1,0
CGTCCATCACCGTGAC-1,6
CGTCCATCACGCGCAT-1,0
CGTCCATCATCTCCCA-1,3
CGTCCATCATGTTCGA-1,6
CGTCCATGTCACTCGG-1,1
CGTCCATGTGATTGGG-1,2
GAGGGTAAGCGAATGC-1,4
GAGGGTAAGCTGGTGA-1,0
GAGGGTACAACCAATC-1,0
GAGGGTACAATCTCGA-1,0
GAGGGTACATGAATAG-1,2
GAGGGTAGTATAGGAT-1,4
GAGGGTAGTCCCGGTA-1,5
GAGGGTAGTTCGGCTG-1,6
GAGGGTAGTTGGGATG-1,0
GAGGGTATCCACGTAA-1,0
GAGGGTATCCCAAGCG-1,10
GAGTTGTAGATACCAA-1,2
GAGTTGTAGGATCACG-1,6
GAGTTGTAGGCGTTAG-1,1
GAGTTGTAGGCTCAAG-1,9
GAGTTGTAGTCTTGGT-1,8
GAGTTGTCAAGAGTAT-1,5
GAGTTGTCAAGCCATT-1,0
GAGTTGTCAATAGTAG-1,1
GAGTTGTGTACTGAGG-1,1
GAGTTGTGTCGTGCCA-1,1
GAGTTGTTCGTAGAGG-1,10
GAGTTGTTCTCCAATT-1,9
GCGTTTCAGGATCACG-1,6
GCGTTTCAGGGCGAAG-1,1
GCGTTTCAGGTACAGC-1,1
GCGTTTCAGTAATTGG-1,0
GCGTTTCCAAGAGAGA-1,1
GCGTTTCCAATCTCGA-1,0
GCGTTTCCAGCTACTA-1,0
GCGTTTCCAGTGTGCC-1,6
GCGTTTCGTGGCTTAT-1,3
GCGTTTCTCATCGCTC-1,5
GCGTTTCTCCGAGAAG-1,5
GCGTTTCTCCTACAAG-1,1
GCGTTTCTCGAACGCC-1,2
GGTAACTAGCACTCTA-1,13
GGTAACTAGCATTGAA-1,9
GGTAACTAGCGAATGC-1,3
GGTAACTAGCTCACTA-1,0
GGTAACTAGCTGGTGA-1,5
GGTAACTAGGCCTAGA-1,8
GGTAACTAGGGAGGTG-1,2
GGTAACTAGGGCGAAG-1,4
GGTAACTAGTGTTGAA-1,11
GGTAACTCACAAATCC-1,2
GGTAACTCACGCGCAT-1,11
GGTAACTCACTATGTG-1,0
GGTAACTCAGCTGCCA-1,4
GGTAACTGTATACCTG-1,2
GGTAACTGTCCCGTGA-1,1
GGTAACTTCAAAGGTA-1,0
GGTAACTTCAATCCAG-1,6
GGTAACTTCCTGCTAC-1,2
GGTAACTTCGCCACTT-1,1
GGTAACTTCTGAATCG-1,5
GGTAATCAGACGTCGA-1,8
GGTAATCAGATCGCCC-1,4
GGTAATCAGTAATTGG-1,0
GGTAATCCAATTAGGA-1,6
GGTAATCCAGACCTAT-1,10
GGTAATCCAGCAGTGA-1,4
GGTAATCGTAGTGTGG-1,4
GGTAATCGTCGGTGTC-1,6
GGTAATCGTGCACAAG-1,0
GGTAATCTCAAAGGTA-1,9
GGTAATCTCAAGAAAC-1,4
GGTAATCTCCCAAGCG-1,1
GGTAATCTCCGTATGA-1,4
GGTAATCTCGTCGGGT-1,3
GGTAATCTCGTTCCTG-1,5
GGTAATCTCTGAATCG-1,3
GTCAAGTAGAAATTGC-1,1
GTCAAGTAGGCCTAGA-1,0
GTCAAGTAGGCGTTAG-1,6
GTCAAGTAGTATAACG-1,4
GTCAAGTAGTGGCCTC-1,0
GTCAAGTCACACCGCA-1,1
GTCAAGTCAGCTACTA-1,3
GTCAAGTCATTATGCG-1,3
GTCAAGTGTGACGCCT-1,2
GTCAAGTGTGCACAAG-1,4
GTCAAGTGTTAAGACA-1,5
GTCAAGTTCCATTGCC-1,2
GTCAAGTTCCGAGAAG-1,0
GTCAAGTTCCTGCTAC-1,1
GTCAAGTTCGCCCAGA-1,3
GTCAAGTTCTGCCCTA-1,2
GTGAGCCAGCTTGTTG-1,1
GTGAGCCAGGCCTAGA-1,9
GTGAGCCAGGGAGGTG-1,1
GTGAGCCAGGGCGAAG-1,5
GTGAGCCAGTGGCCTC-1,5
GTGAGCCCAATAGTAG-1,5
GTGAGCCGTATGCGTT-1,8
GTGAGCCTCTTAGCCC-1,5
GTGGAGAAGATCACCT-1,0
GTGGAGAAGCACCTGC-1,9
GTGGAGAAGGATCACG-1,5
GTGGAGAAGGTACAGC-1,3
GTGGAGAAGGTTGGAC-1,4
GTGGAGAAGTCCCAAT-1,2
GTGGAGACAAGTCGTT-1,2
GTGGAGACAATTAGGA-1,0
GTGGAGACACATATGC-1,2
GTGGAGACATATCTGG-1,0
GTGGAGAGTCGAATGG-1,6
GTGGAGATCCAATCCC-1,5
GTGGAGATCCACGTAA-1,5
GTGGAGATCCCAACTC-1,6
GTGGAGATCCTTATCA-1,1
GTGTGGCAGGATCACG-1,0
GTGTGGCAGTAGGAAG-1,6
GTGTGGCCAATTAGGA-1,2
GTGTGGCCACATGAAA-1,2
GTGTGGCCACGCGCAT-1,5
GTGTGGCCACTACGGC-1,1
GTGTGGCCATGTTCGA-1,0
GTGTGGCGTAATGCTC-1,1
GTGTGGCGTAGGTTTC-1,1
GTGTGGCGTATGCGTT-1,5
GTGTGGCGTCGTGCCA-1,1
GTGTGGCGTTAAGTCC-1,4
GTGTGGCGTTCCACGG-1,4
GTGTGGCTCCAACTAG-1,0
GTGTGGCTCGCCACTT-1,1
GTGTGGCTCGTTCCTG-1,0
GTGTGGCTCGTTTACT-1,4
TAACACGAGCAATTAG-1,0
TAACACGAGCGACATG-1,5
TAACACGAGGGCGAAG-1,0
TAACACGAGGTACAGC-1,2
TAACACGAGTAGTCTC-1,5
TAACACGAGTGTTGAA-1,3
TAACACGCAACCAATC-1,3
TAACACGCAAGCCATT-1,6
TAACACGCAATCTGCA-1,5
TAACACGCACTACACA-1,1
TAACACGCAGGGAATC-1,3
TAACACGCATCCTTCG-1,5
TAACACGCATTATGCG-1,2
TAACACGGTAGCGTAG-1,1
TAACACGGTATGAGCG-1,1
TAACACGGTATGCGTT-1,1
TAACACGGTCACTCGG-1,3
TAACACGGTGTCTAAC-1,0
TAACACGGTTACACAC-1,5
TAACACGGTTGGGATG-1,0
TAACACGTCAGGGATG-1,3
TAACACGTCCTTCACG-1,0
TAACACGTCTCACTCG-1,0
TAGGAGGAGAAATTGC-1,1
TAGGAGGAGACCAGAC-1,4
TAGGAGGAGAGAGCGG-1,2
TAGGAGGAGCACCTGC-1,8
TAGGAGGAGTATAACG-1,1
TAGGAGGAGTCCCAAT-1,0
TAGGAGGAGTGGCCTC-1,2
TAGGAGGCAATCTGCA-1,4
TAGGAGGCACAAATCC-1,3
TAGGAGGCACAGAGAC-1,4
TAGGAGGGTCTTCATT-1,4
TAGGAGGGTGTCTAAC-1,1
TAGGAGGTCCGCTTAC-1,5
TAGGAGGTCGAACGCC-1,6
TAGGAGGTCTCCGAGG-1,0
TATTGCTAGCCTCTTC-1,10
TATTGCTAGCTCTGTA-1,0
TATTGCTAGGATCACG-1,0
TATTGCTAGGCGTTAG-1,1
TATTGCTAGGCTCAAG-1,5
TATTGCTAGGGCGAAG-1,0
TATTGCTAGGTACAGC-1,3
TATTGCTCAAGTAGTA-1,12
TATTGCTCACACCGCA-1,5
TATTGCTCAGCAGTGA-1,0
TATTGCTGTAACTTCG-1,2
TATTGCTGTAGAATGT-1,2
TATTGCTGTCAAGCCC-1,0
TATTGCTGTCCACACG-1,1
TATTGCTTCATGCCCT-1,7
TATTGCTTCTGTGCGG-1,0
TCACGCTAGATCACCT-1,2
TCACGCTAGCAATTAG-1,2
TCACGCTAGCTCACTA-1,5
TCACGCTAGGTTGGAC-1,1
TCACGCTCAATCTGCA-1,6
TCACGCTCACTATGTG-1,0
TCACGCTGTAACTTCG-1,8
TCACGCTGTGACGCCT-1,6
TCACGCTGTGCCTTCT-1,1
TCACGCTTCGTAGAGG-1,1
TCACGCTTCTCCGAGG-1,0
TCACGCTTCTGTGCGG-1,2
TCCAGAAAGGCGTTAG-1,3
TCCAGAACAAGCCATT-1,2
TCCAGAACAATTAGGA-1,6
TCCAGAACACGCGCAT-1,4
TCCAGAAGTACGGGAT-1,4
TCCAGAAGTCAAGCGA-1,2
TCCAGAAGTTAGGAGC-1,1
TCCAGAATCACAAGAA-1,4
TCCAGAATCCCAAGCG-1,2
TCGAAGTAGATCGCCC-1,6
TCGAAGTAGGCCTAGA-1,6
TCGAAGTAGTGCGTCC-1,1
TCGAAGTCACACCGCA-1,12
TCGAAGTCATGTTCGA-1,4
TCGAAGTGTGGCTTAT-1,4
TCGAAGTGTTACACAC-1,0
TCGAAGTGTTGGAGGT-1,0
TCGAAGTTCAGGGATG-1,6
TCGAAGTTCCGGACGT-1,3
TCGCTCAAGATGCTTC-1,2
TCGCTCAAGTCATCCA-1,7
TCGCTCAAGTCTTGGT-1,11
TCGCTCACAAGAGAGA-1,9
TCGCTCACAAGTCGTT-1,2
TCGCTCACAATAGTAG-1,6
TCGCTCACACTACGGC-1,3
TCGCTCACATCTCCCA-1,5
TCGCTCAGTCAAGCCC-1,1
TCGCTCAGTCGAATGG-1,1
TCGCTCAGTCTTCATT-1,4
TCGCTCAGTGCCTTCT-1,7
TCGCTCAGTTCCGTTC-1,6
TCGCTCATCTTAGCAG-1,3
TGCTCGTAGCTTGTTG-1,0
TGCTCGTCAATCTGCA-1,0
TGCTCGTCACGCGCAT-1,5
TGCTCGTCAGCTACTA-1,5
TGCTCGTCATCTCCCA-1,0
TGCTCGTGTGACGCCT-1,6
TGCTCGTGTGATTGGG-1,8
TGCTCGTTCCTACAAG-1,6
TGCTCGTTCTCCAATT-1,1
TGCTCGTTCTGAATCG-1,11
TGGTACAAGACGTCGA-1,4
TGGTACAAGGAACTCG-1,1
TGGTACAAGTATAACG-1,0
TGGTACAAGTCATCCA-1,1
TGGTACACAAACCATC-1,6
TGGTACACACTACGGC-1,1
TGGTACAGTAGGTTTC-1,3
TGGTACAGTATACCTG-1,3
TGGTACAGTCGTGCCA-1,1
TGGTACAGTGACAGGT-1,4
TGGTACAGTTTGATCG-1,5
TGGTACATCAATCCAG-1,3
TGGTACATCAGGGATG-1,0
TGGTACATCATCGCTC-1,3
TGGTACATCCGTATGA-1,7
TGGTACATCTCATAGG-1,0
TGGTACATCTGAATCG-1,1
TGTCCTGAGCAGCCCT-1,4
TGTCCTGAGCAGGTCA-1,6
TGTCCTGAGGTACAGC-1,5
TGTCCTGAGGTCTACT-1,2
TGTCCTGAGGTTGCCC-1,6
TGTCCTGAGTAGTCTC-1,6
TGTCCTGAGTGCGTCC-1,0
TGTCCTGCAAGAGAGA-1,7
TGTCCTGCAATCAAGA-1,5
TGTCCTGCACACCGCA-1,6
TGTCCTGCATGAATAG-1,4
TGTCCTGCATTATGCG-1,4
TGTCCTGGTAGAATGT-1,5
TGTCCTGGTCCCGGTA-1,9
TGTCCTGGTGATTGGG-1,3
TGTCCTGTCGTTCCTG-1,3
TGTCCTGTCTGCCCTA-1,0
TGTCCTGTCTGGCTGG-1,8
TGTGATGAGTCTTGGT-1,13
TGTGATGCAAACCATC-1,0
TGTGATGCACATGAAA-1,0
TGTGATGCAGGGAATC-1,1
TGTGATGGTCGTATGT-1,1
TGTGATGGTTGGGATG-1,0
TGTGATGTCATGCCCT-1,9
TGTGATGTCCCAACTC-1,2
TGTGATGTCGAACGCC-1,8
TTACAGGAGCATTGAA-1,3
TTACAGGAGGCTCAAG-1,8
TTACAGGAGGTACAGC-1,1
TTACAGGAGTAGGAAG-1,0
TTACAGGAGTCATCCA-1,2
TTACAGGCAAACCATC-1,1
TTACAGGCACAGAGAC-1,5
TTACAGGCACCGTGAC-1,1
TTACAGGCACTACACA-1,1
TTACAGGCAGCAGTGA-1,6
TTACAGGGTAGGTTTC-1,0
TTACAGGGTGTCTAAC-1,0
TTACAGGTCATTTGGG-1,1
TTACAGGTCCCGTTGT-1,10
TTACAGGTCCTGCTAC-1,7
TTACAGGTCCTTCACG-1,6
TTCGATTAGACGTCCC-1,6
TTCGATTCAATAGTAG-1,0
TTCGATTCAATCTCGA-1,0
TTCGATTCAGTGTGCC-1,5
TTCGATTGTCACTCGG-1,5
TTCGATTGTCCTTAAG-1,12
TTCGATTGTCGGTGTC-1,4
TTCGATTGTTAAGTCC-1,8
TTCGATTTCGACGCGT-1,1
TTCGATTTCGCCACTT-1,1
TTCGATTTCGCGGTAC-1,2
TTCGATTTCGTCGGGT-1,2
TTCGATTTCTGCCCTA-1,0
TTCGATTTCTTCCTAA-1,0
TTGTTTGAGATACCAA-1,5
TTGTTTGAGATCGCCC-1,4
TTGTTTGAGCTTAAGA-1,4
TTGTTTGAGGCTCAAG-1,5
TTGTTTGAGGTCTACT-1,3
TTGTTTGAGTATAACG-1,2
TTGTTTGCACAAATCC-1,0
TTGTTTGCACCCTCTA-1,4
TTGTTTGCACCGTGAC-1,2
TTGTTTGCACGCGCAT-1,6
TTGTTTGCACTAAACC-1,1
TTGTTTGCATATCTGG-1,0
TTGTTTGCATCCTATT-1,5
TTGTTTGGTACTGAGG-1,3
TTGTTTGGTCCTTAAG-1,5
TTGTTTGGTCGTGCCA-1,2
TTGTTTGTCCGCACGA-1,4
TTGTTTGTCCTGCTAC-1,8
TTGTTTGTCTGAATCG-1,0
TTTCATGAGACCAGAC-1,0
TTTCATGAGCCTCTTC-1,5
TTTCATGCACAAATCC-1,3
TTTCATGCACCAGCGT-1,3
TTTCATGCACTATGTG-1,3
TTTCATGCAGGGAATC-1,0
TTTCATGCAGTTTCGA-1,4
TTTCATGCATGTTCGA-1,4
TTTCATGGTAACGCGA-1,6
TTTCATGGTATGAGCG-1,0
TTTCATGGTTACACAC-1,1
TTTCATGGTTAGGAGC-1,1
TTTCATGTCCGCTTAC-1,7
TTTCATGTCGCGGTAC-1,6
TTTCATGTCGTTCCTG-1,2
TTTCATGTCTAGTCAG-1,5
TTTCATGTCTGAATCG-1,2
TTTCGATAGCAGGTCA-1,1
TTTCGATAGGAACTCG-1,1
TTTCGATAGGTTACAA-1,0
TTTCGATCATGGCTAT-1,9
TTTCGATGTAACGCGA-1,7
TTTCGATGTATACCTG-1,0
TTTCGATGTTCCACGG-1,10
TTTCGATTCACAAGAA-1,0
TTTCGATTCCGCTTAC-1,4
TTTCGATTCCTGCTAC-1,2
TTTCGATTCGAACGCC-1,0
TTTCGATTCGCCTTGT-1,0
TTTCGATTCTCCGAGG-1,6
TTTGTTGAGATCGCCC-1,0
TTTGTTGCAATAGTAG-1,0
TTTGTTGCACTTCAGA-1,3
TTTGTTGCAGGTTCAT-1,2
TTTGTTGCAGTGTGCC-1,6
TTTGTTGCATCTCCCA-1,0
TTTGTTGGTGATTGGG-1,5
TTTGTTGGTGCCTTCT-1,8
TTTGTTGGTTACACAC-1,2
TTTGTTGGTTCCGTTC-1,5
TTTGTTGTCAGGGATG-1,0
TTTGTTGTCCAACTAG-1,5
TTTGTTGTCGAACGCC-1,1
TTTGTTGTCGTAGAGG-1,12
TTTGTTGTCTCCGAGG-1,2
AATCACGAGATCACCT-2,1
AATCACGAGCCTCTGG-2,1
AATCACGAGCTCTGTA-2,2
AATCACGAGGCGTTAG-2,0
AATCACGAGTGGCCTC-2,2
AATCACGCACACCGCA-2,0
AATCACGCACAGAGAC-2,3
AATCACGCACTACGGC-2,6
AATCACGCACTATGTG-2,8
AATCACGCATGTTCGA-2,6
AATCACGGTAACGCGA-2,1
AATCACGGTAGCGTAG-2,2
AATCACGGTCCACACG-2,0
AATCACGGTCCCGTGA-2,0
AATCACGGTTAGGAGC-2,3
AATCACGGTTGGAGGT-2,1
AATCACGGTTTGATCG-2,6
AATCACGTCCATTGCC-2,5
AATCACGTCCCAACTC-2,4
AATCACGTCGTAGAGG-2,6
AATCACGTCTGTGCGG-2,4
ACAGAAAAGAAATTGC-2,2
ACAGAAAAGATGCTTC-2,4
ACAGAAAAGCACTCTA-2,0
ACAGAAAAGGTACAGC-2,6
ACAGAAAAGTGTGTTC-2,5
ACAGAAACAATCAAGA-2,0
ACAGAAACACAGAGAC-2,2
ACAGAAACACCAGCGT-2,4
ACAGAAACAGACCTAT-2,2
ACAGAAATCCACGTAA-2,1
ACAGAAATCCGCACGA-2,1
ACAGAAATCCTGCTAC-2,4
ACAGAAATCTAGTCAG-2,0
ACAGAAATCTCGAGTA-2,0
ACAGAAATCTTAGCAG-2,5
ACCCTTGAGAAATTGC-2,3
ACCCTTGAGCGAATGC-2,5
ACCCTTGAGCTGGTGA-2,1
ACCCTTGAGTGTGTTC-2,2
ACCCTTGAGTGTTGAA-2,6
ACCCTTGCATGAAGCG-2,2
ACCCTTGGTATGAGCG-2,10
ACCCTTGTCCGAGAAG-2,1
ACCCTTGTCCTTCACG-2,1
ACGTCCTAGCACTCTA-2,1
ACGTCCTAGCATTGAA-2,0
ACGTCCTAGCTTAAGA-2,0
ACGTCCTAGCTTGTTG-2,0
ACGTCCTAGTCCCAAT-2,0
ACGTCCTAGTGCGTCC-2,3
ACGTCCTCAAACCATC-2,0
ACGTCCTCAAATGCGG-2,4
ACGTCCTCAATCAAGA-2,4
ACGTCCTCACTTCAGA-2,3
ACGTCCTGTATGAGCG-2,6
ACGTCCTGTCGTATGT-2,1
ACGTCCTGTCTTCATT-2,6
ACGTCCTGTGACAGGT-2,6
ACGTCCTGTGGCTTAT-2,0
ACGTCCTGTTAAGTCC-2,4
ACGTCCTGTTCGGCTG-2,11
ACGTCCTTCAAAGGTA-2,3
ACGTCCTTCCGCACGA-2,0
ACGTCCTTCCTTATCA-2,5
ACGTCCTTCTCCAATT-2,5
ACTATTCAGTGGCCTC-2,0
ACTATTCAGTGTGTTC-2,2
ACTATTCCAACCAATC-2,9
ACTATTCCACAGAGAC-2,4
ACTATTCCACATGAAA-2,6
ACTATTCCAGCTGCCA-2,1
ACTATTCCAGGTTCAT-2,4
ACTATTCCATGGCTAT-2,9
ACTATTCGTACGGGAT-2,0
ACTATTCGTAGAATGT-2,6
ACTATTCGTATAGGAT-2,0
ACTATTCGTCAAGCGA-2,0
ACTATTCGTTAAGACA-2,0
ACTATTCTCATTTGGG-2,0
ACTATTCTCCATTGCC-2,6
ACTATTCTCCGAGAAG-2,3
ACTATTCTCCGCACGA-2,2
ACTATTCTCCTGCTAC-2,6
ACTATTCTCTTAGCAG-2,6
ACTGTGAAGACGTCGA-2,6
ACTGTGAAGCAATTAG-2,5
ACTGTGAAGTAGGAAG-2,2
ACTGTGAAGTCATCCA-2,3
ACTGTGACAATCAAGA-2,4
ACTGTGACACTTCAGA-2,0
ACTGTGACAGTTTCGA-2,2
ACTGTGAGTCACTCGG-2,1
ACTGTGAGTTAAGACA-2,0
ACTGTGAGTTAAGTCC-2,11
ACTGTGATCCGGACGT-2,3
ACTGTGATCCTACAAG-2,6
ACTGTGATCCTTATCA-2,2
ACTTTCAAGGGCGAAG-2,4
ACTTTCAAGTCATCCA-2,0
ACTTTCACATGGCTAT-2,11
ACTTTCAGTATAGGAT-2,9
ACTTTCAGTCGAATGG-2,6
ACTTTCAGTTCGGCTG-2,1
ACTTTCATCCTACAAG-2,0
ACTTTCATCGCCACTT-2,5
ACTTTCATCTCATAGG-2,2
AGACACTAGCAGGTCA-2,5
AGACACTAGCGACATG-2,6
AGACACTCAATAGTAG-2,9
AGACACTCAGGTTCAT-2,0
AGACACTCATTATGCG-2,13
AGACACTGTTCGAAGG-2,0
AGACACTGTTCGGCTG-2,12
AGACACTTCAAAGGTA-2,3
AGACACTTCATGCCCT-2,6
AGACACTTCCGGACGT-2,0
AGACACTTCTCCGAGG-2,4
AGACACTTCTGCCCTA-2,2
AGGGAGTAGAAATTGC-2,0
AGGGAGTAGATCGCCC-2,11
AGGGAGTAGCAGCCCT-2,1
AGGGAGTAGCGACATG-2,1
AGGGAGTCAAACCATC-2,2
AGGGAGTCAATTAGGA-2,3
AGGGAGTGTATAGGAT-2,2
AGGGAGTGTATGCGTT-2,3
AGGGAGTGTGACGCCT-2,5
AGGGAGTGTGCGGTAA-2,0
AGGGAGTTCCCGTTGT-2,2
AGGGAGTTCCGCTTAC-2,1
AGGGAGTTCGTCGGGT-2,3
AGGGAGTTCTTAGCCC-2,6
AGGGTGAAGACCATTC-2,2
AGGGTGAAGATACCAA-2,4
AGGGTGAAGCTGGTGA-2,9
AGGGTGACAATCTCGA-2,0
AGGGTGACACTTCAGA-2,0
AGGGTGAGTCCCGTGA-2,6
AGGGTGAGTCGAATGG-2,0
AGGGTGAGTGACAGGT-2,4
AGGGTGAGTTCCGTTC-2,6
AGGGTGATCAAAGGTA-2,4
AGGGTGATCACAAGAA-2,9
AGGGTGATCATGCCCT-2,2
AGGGTGATCCTTCACG-2,4
AGGGTGATCGTTCCTG-2,6
AGTAACCAGATCGCCC-2,3
AGTAACCAGCCTCTTC-2,4
AGTAACCAGGGAGGTG-2,4
AGTAACCAGTATAACG-2,0
AGTAACCCAATCTCGA-2,0
AGTAACCGTACGGGAT-2,5
AGTAACCGTGCACAAG-2,4
AGTAACCGTTAGGAGC-2,1
AGTAACCTCATTTGGG-2,13
AGTAACCTCCTTCACG-2,0
AGTAACCTCGCCCAGA-2,0
AGTAACCTCGTTCCTG-2,2
AGTAACCTCTTAGCAG-2,2
AGTAGTCAGCAGCCCT-2,1
AGTAGTCAGGCGTTAG-2,5
AGTAGTCAGGGCGAAG-2,4
AGTAGTCAGGTTGGAC-2,6
AGTAGTCAGTATAACG-2,5
AGTAGTCCAAGAGAGA-2,2
AGTAGTCCACATATGC-2,4
AGTAGTCCACGCGCAT-2,7
AGTAGTCCACTTCAGA-2,1
AGTAGTCGTAGTGTGG-2,0
AGTAGTCGTCCTTAAG-2,0
AGTAGTCGTCTTCATT-2,1
AGTAGTCGTTAAGACA-2,2
AGTAGTCTCCGCTTAC-2,2
AGTAGTCTCTCATAGG-2,2
AGTAGTCTCTGTGCGG-2,2
AGTGACTAGACGTCGA-2,4
AGTGACTAGCAGCCCT-2,3
AGTGACTAGCAGGTCA-2,1
AGTGACTAGGCGTTAG-2,6
AGTGACTCAAGAGTAT-2,1
AGTGACTCACACCGCA-2,2
AGTGACTCAGGGAATC-2,3
AGTGACTCATCCTTCG-2,0
AGTGACTCATGTTCGA-2,1
AGTGACTTCCGAGAAG-2,0
AGTGACTTCCGGACGT-2,3
AGTGACTTCGCCACTT-2,2
AGTGACTTCTAGTCAG-2,6
AGTGACTTCTCATAGG-2,10
ATGAGTCAGACGTCGA-2,6
ATGAGTCAGCGACATG-2,0
ATGAGTCAGGTTACAA-2,2
ATGAGTCAGGTTGGAC-2,0
ATGAGTCAGTCATCCA-2,2
ATGAGTCAGTGTTGAA-2,4
ATGAGTCCACATGAAA-2,4
ATGAGTCCAGCTGCCA-2,0
ATGAGTCCAGGGAATC-2,4
ATGAGTCCAGTTTCGA-2,2
ATGAGTCGTGCCTTCT-2,13
ATGAGTCTCCATTGCC-2,2
ATGAGTCTCCGCACGA-2,5
ATGAGTCTCCTACAAG-2,3
ATGAGTCTCTAGTCAG-2,2
CACAGATAGACCAGAC-2,12
CACAGATAGCAGGTCA-2,4
CACAGATAGCGACATG-2,2
CACAGATAGGGCGAAG-2,1
CACAGATAGGTTACAA-2,3
CACAGATAGGTTGGAC-2,5
CACAGATCACATGAAA-2,5
CACAGATCATGTTCGA-2,2
CACAGATGTGGCTTAT-2,6
CACAGATGTTACACAC-2,5
CACAGATTCTCACTCG-2,1
CACAGATTCTCATAGG-2,0
CACAGATTCTTAGCAG-2,3
CAGCAGCAGACCAGAC-2,12
CAGCAGCAGCAGCCCT-2,2
CAGCAGCAGCTCTGTA-2,7
CAGCAGCCAAGTCGTT-2,8
CAGCAGCCAGACCTAT-2,1
CAGCAGCCAGCTACTA-2,3
CAGCAGCGTCACGCTG-2,4
CAGCAGCGTGGCTTAT-2,3
CAGCAGCTCATTTGGG-2,1
CAGCAGCTCCCGTTGT-2,4
CAGCAGCTCGTAGAGG-2,5
CAGCGTGAGACGTCGA-2,6
CAGCGTGAGATCACCT-2,5
CAGCGTGAGCAGGTCA-2,2
CAGCGTGAGCTCACTA-2,4
CAGCGTGAGGTTGCCC-2,4
CAGCGTGGTAGAATGT-2,5
CAGCGTGGTCCTTAAG-2,0
CAGCGTGGTCTAGGTT-2,0
CAGCGTGGTGACAGGT-2,3
CAGCGTGGTTAAGCAA-2,0
CAGCGTGGTTGGACCC-2,5
CAGCGTGGTTGGGATG-2,4
CAGCGTGTCCCAAGCG-2,2
CAGCGTGTCCGCACGA-2,4
CAGCGTGTCTTAGCAG-2,3
CAGGCCAAGACGTCCC-2,1
CAGGCCAAGATCACCT-2,0
CAGGCCAAGCAATTAG-2,10
CAGGCCAAGGCGTTAG-2,3
CAGGCCAAGTGTGTTC-2,2
CAGGCCACAATAGTAG-2,0
CAGGCCACACACCGCA-2,7
CAGGCCACATGTTCGA-2,0
CAGGCCAGTACGGGAT-2,3
CAGGCCAGTTAAGCAA-2,0
CAGGCCATCAGGGATG-2,0
CAGGCCATCATGCCCT-2,3
CAGGCCATCATTTGGG-2,1
CAGGCCATCCTTATCA-2,5
CAGGCCATCCTTCACG-2,2
CATACAGAGCTCTGTA-2,3
CATACAGAGCTTGTTG-2,4
CATACAGAGGGAGGTG-2,3
CATACAGAGGTCTACT-2,7
CATACAGCAAGAGTAT-2,0
CATACAGCAATTAGGA-2,0
CATACAGCATCCTATT-2,5
CATACAGGTATGAGCG-2,0
CATACAGGTCCTTAAG-2,9
CATACAGGTGGCTTAT-2,2
CATACAGGTTCGGCTG-2,9
CATACAGTCCAATCCC-2,3
CATACAGTCCGCACGA-2,10
CATACAGTCCTACAAG-2,5
CATACAGTCGTCGGGT-2,0
CATACAGTCTGTGCGG-2,0
CCCTCTCAGCAGGTCA-2,2
CCCTCTCAGCGAATGC-2,0
CCCTCTCAGTCCCAAT-2,1
CCCTCTCCACCAGCGT-2,0
CCCTCTCCACTAAACC-2,1
CCCTCTCCACTACACA-2,0
CCCTCTCCACTTCAGA-2,6
CCCTCTCCAGCTGCCA-2,2
CCCTCTCGTCCCGGTA-2,8
CCCTCTCGTCTTCATT-2,0
CCCTCTCGTGACAGGT-2,5
CCCTCTCGTGCCTTCT-2,4
CCCTCTCGTTGGACCC-2,3
CCCTCTCTCATCGCTC-2,8
CCCTCTCTCCCGTTGT-2,2
CCCTCTCTCCGAGAAG-2,10
CCCTCTCTCGAACGCC-2,1
CGGCAGTAGCTGGTGA-2,2
CGGCAGTAGCTTAAGA-2,7
CGGCAGTAGGGAGGTG-2,2
CGGCAGTAGTCCCAAT-2,1
CGGCAGTCAAGTCGTT-2,9
CGGCAGTCAATCAAGA-2,6
CGGCAGTCAATTAGGA-2,2
CGGCAGTCACACCGCA-2,3
CGGCAGTCACATATGC-2,8
CGGCAGTGTACGGGAT-2,0
CGGCAGTGTCACGCTG-2,0
CGGCAGTGTGACGCCT-2,5
CGGCAGTGTGCCTTCT-2,10
CGGCAGTGTTTGATCG-2,4
CGGCAGTTCCAATCCC-2,4
CGGCAGTTCCCGTTGT-2,3
CGGCAGTTCGCCACTT-2,2
CGTCCATAGATGCTTC-2,0
CGTCCATAGCAATTAG-2,9
CGTCCATAGCTTAAGA-2,0
CGTCCATAGGAACTCG-2,3
CGTCCATCAACGCATT-2,6
CGTCCATCAAGAGTAT-2,1
CGTCCATCACACCGCA-2,6
CGTCCATCACAGAGAC-2,0
CGTCCATCACGCGCAT-2,0
CGTCCATCATCAGTGT-2,3
CGTCCATGTATGAGCG-2,6
CGTCCATTCCAATCCC-2,2
CGTCCATTCTCCGAGG-2,8
GAGGGTAAGATGCTTC-2,9
GAGGGTAAGGCTCAAG-2,0
GAGGGTACAATAGTAG-2,10
GAGGGTACAGGGAATC-2,5
GAGGGTAGTATGAGCG-2,1
GAGGGTAGTATGCGTT-2,3
GAGGGTAGTCAAGCCC-2,0
GAGGGTAGTCGGTGTC-2,0
GAGGGTATCCGGACGT-2,2
GAGGGTATCCTGCTAC-2,3
GAGGGTATCGACGCGT-2,1
GAGGGTATCGTAGAGG-2,7
GAGGGTATCTAGTCAG-2,0
GAGGGTATCTCCGAGG-2,1
GAGTTGTAGACGTCGA-2,8
GAGTTGTAGCAATTAG-2,4
GAGTTGTCAAGAGTAT-2,4
GAGTTGTCATCAGTGT-2,0
GAGTTGTGTAGGTTTC-2,3
GAGTTGTGTCAAGCCC-2,6
GAGTTGTGTCACTCGG-2,1
GAGTTGTGTCCCGGTA-2,9
GAGTTGTGTCTTCATT-2,6
GAGTTGTGTGCCTTCT-2,1
GAGTTGTTCAGGGATG-2,0
GAGTTGTTCCCAACTC-2,6
GAGTTGTTCTGAATCG-2,3
GCGTTTCAGACGTCCC-2,0
GCGTTTCAGCACCTGC-2,0
GCGTTTCAGGATCACG-2,3
GCGTTTCAGTAGGAAG-2,0
GCGTTTCCAAATGCGG-2,1
GCGTTTCCAGCAGTGA-2,6
GCGTTTCCAGCTACTA-2,0
GCGTTTCCAGCTGCCA-2,2
GCGTTTCTCATCGCTC-2,4
GCGTTTCTCCCAAGCG-2,2
GCGTTTCTCGTTTACT-2,2
GGTAACTAGCACTCTA-2,6
GGTAACTAGCGACATG-2,2
GGTAACTCACACCGCA-2,6
GGTAACTCACAGAGAC-2,2
GGTAACTCACTTCAGA-2,0
GGTAACTCATTATGCG-2,8
GGTAACTGTACGGGAT-2,8
GGTAACTGTCAAGCCC-2,1
GGTAACTGTCGTATGT-2,3
GGTAACTTCAAGAAAC-2,5
GGTAACTTCCTTCACG-2,0
GGTAACTTCGACGCGT-2,2
GGTAACTTCGCCCAGA-2,0
GGTAATCAGCTGGTGA-2,1
GGTAATCAGGCGTTAG-2,1
GGTAATCCACAAATCC-2,2
GGTAATCCACCCTCTA-2,1
GGTAATCCACTACCGG-2,3
GGTAATCCAGCAGTGA-2,7
GGTAATCCAGTTTCGA-2,0
GGTAATCCATCCTTCG-2,6
GGTAATCCATCTCCCA-2,0
GGTAATCGTAACGCGA-2,7
GGTAATCGTAATGCTC-2,1
GGTAATCGTAGCGTAG-2,5
GGTAATCGTAGGTTTC-2,2
GGTAATCGTGACAGGT-2,1
GGTAATCGTTCCACGG-2,7
GGTAATCGTTGGACCC-2,6
GGTAATCTCCTTCACG-2,1
GTCAAGTAGAGAGCGG-2,1
GTCAAGTAGATCGCCC-2,4
GTCAAGTAGCCTCTGG-2,1
GTCAAGTAGGGAGGTG-2,3
GTCAAGTAGTAATTGG-2,1
GTCAAGTAGTATAACG-2,6
GTCAAGTCAAACCATC-2,0
GTCAAGTCAACCAATC-2,1
GTCAAGTCACATGAAA-2,7
GTCAAGTCATCAGTGT-2,2
GTCAAGTGTACTGAGG-2,2
GTCAAGTGTAGCGTAG-2,4
GTCAAGTGTCAAGCGA-2,12
GTCAAGTGTTGGGATG-2,5
GTCAAGTTCCCAAGCG-2,2
GTCAAGTTCGCCACTT-2,11
GTCAAGTTCTCACTCG-2,2
GTGAGCCAGAGAGCGG-2,3
GTGAGCCAGATACCAA-2,0
GTGAGCCAGCACTCTA-2,2
GTGAGCCAGCGAATGC-2,5
GTGAGCCAGCTTGTTG-2,2
GTGAGCCAGGTCTACT-2,4
GTGAGCCCAATTAGGA-2,6
GTGAGCCCACCGTGAC-2,6
GTGAGCCCACTACACA-2,0
GTGAGCCCACTATGTG-2,4
GTGAGCCCAGGGAATC-2,3
GTGAGCCGTCCACACG-2,8
GTGAGCCGTCCTTAAG-2,5
GTGAGCCGTGATTGGG-2,6
GTGAGCCGTTACACAC-2,2
GTGAGCCTCAGGGATG-2,6
GTGAGCCTCCCAAGCG-2,0
GTGAGCCTCCGTATGA-2,3
GTGAGCCTCTCATAGG-2,5
GTGAGCCTCTGTGCGG-2,3
GTGGAGAAGATCACCT-2,3
GTGGAGAAGCGAATGC-2,5
GTGGAGAAGCTGGTGA-2,9
GTGGAGAAGGCGTTAG-2,3
GTGGAGAAGTGGCCTC-2,0
GTGGAGAAGTGTTGAA-2,0
GTGGAGACAGACCTAT-2,2
GTGGAGACAGGGAATC-2,6
GTGGAGACATCCTATT-2,1
GTGGAGAGTAACTTCG-2,4
GTGGAGAGTACTGAGG-2,4
GTGGAGAGTATAGGAT-2,3
GTGGAGAGTCAAGCCC-2,2
GTGGAGAGTGGCTTAT-2,6
GTGGAGAGTTACACAC-2,2
GTGGAGATCCCAACTC-2,11
GTGGAGATCCGCTTAC-2,2
GTGGAGATCGCCACTT-2,5
GTGGAGATCTTAGCCC-2,2
GTGTGGCAGACCATTC-2,4
GTGTGGCAGCACCTGC-2,0
GTGTGGCAGCTTAAGA-2,2
GTGTGGCAGGTCTACT-2,0
GTGTGGCAGTCATCCA-2,6
GTGTGGCCAAACCATC-2,5
GTGTGGCCAAATGCGG-2,6
GTGTGGCCAATCTCGA-2,5
GTGTGGCCACCAGCGT-2,6
GTGTGGCCACTATGTG-2,8
GTGTGGCCAGTTTCGA-2,2
GTGTGGCGTACTGAGG-2,4
GTGTGGCGTCTAGGTT-2,3
GTGTGGCGTTGGGATG-2,3
GTGTGGCTCAAGAAAC-2,4
GTGTGGCTCCAATCCC-2,2
GTGTGGCTCCCGTTGT-2,4
GTGTGGCTCTCACTCG-2,0
TAACACGAGCGAATGC-2,0
TAACACGAGGTTACAA-2,2
TAACACGAGTAGTCTC-2,5
TAACACGAGTGCGTCC-2,0
TAACACGAGTGGCCTC-2,6
TAACACGCATCAGTGT-2,12
TAACACGCATCCTTCG-2,0
TAACACGGTATGCGTT-2,1
TAACACGGTTCCGTTC-2,10
TAACACGGTTCGAAGG-2,3
TAACACGTCCCGTTGT-2,9
TAACACGTCTCGAGTA-2,5
TAACACGTCTGCCCTA-2,4
TAGGAGGAGACGTCGA-2,0
TAGGAGGAGATCACCT-2,1
TAGGAGGAGCTCTGTA-2,0
TAGGAGGAGTAGGAAG-2,3
TAGGAGGGTCCCGGTA-2,7
TAGGAGGGTCGGTGTC-2,3
TAGGAGGGTCGTGCCA-2,0
TAGGAGGGTGATTGGG-2,0
TAGGAGGTCCACGTAA-2,2
TAGGAGGTCCGGACGT-2,0
TAGGAGGTCCTGCTAC-2,0
TAGGAGGTCTAGTCAG-2,1
TATTGCTAGAGAGCGA-2,1
TATTGCTAGAGAGCGG-2,1
TATTGCTAGCAGGTCA-2,4
TATTGCTAGTCATCCA-2,5
TATTGCTCAATCAAGA-2,0
TATTGCTGTATGAGCG-2,3
TATTGCTGTCCTTAAG-2,7
TATTGCTGTGCACAAG-2,1
TATTGCTTCACAAGAA-2,9
TATTGCTTCCCAACTC-2,4
TCACGCTCACACCGCA-2,3
TCACGCTCACCAGCGT-2,7
TCACGCTCAGCAGTGA-2,1
TCACGCTCATATCTGG-2,4
TCACGCTGTAGCGTAG-2,1
TCACGCTGTCACGCTG-2,6
TCACGCTGTGCCTTCT-2,10
TCACGCTTCACAAGAA-2,4
TCACGCTTCTGTGCGG-2,4
TCCAGAAAGCTGGTGA-2,4
TCCAGAAAGCTTAAGA-2,1
TCCAGAAAGGGAGGTG-2,2
TCCAGAAAGTAGGAAG-2,1
TCCAGAACAAGAGTAT-2,8
TCCAGAACAAGCCATT-2,6
TCCAGAACATCCTTCG-2,0
TCCAGAACATGGCTAT-2,6
TCCAGAAGTAGCGTAG-2,3
TCCAGAAGTAGGTTTC-2,2
TCCAGAAGTATACCTG-2,3
TCCAGAAGTCAAGCGA-2,1
TCCAGAAGTCCCGGTA-2,3
TCCAGAAGTCTTCATT-2,0
TCCAGAAGTGATTGGG-2,0
TCCAGAATCCAATCCC-2,2
TCCAGAATCGTAGAGG-2,2
TCGAAGTAGAAATTGC-2,0
TCGAAGTAGCGAATGC-2,0
TCGAAGTCAACCAATC-2,0
TCGAAGTCAACGCATT-2,6
TCGAAGTCAGCAGTGA-2,2
TCGAAGTCATCCTATT-2,10
TCGAAGTGTATACCTG-2,6
TCGAAGTGTCAAGCCC-2,0
TCGAAGTGTGACAGGT-2,4
TCGAAGTGTTCGGCTG-2,7
TCGAAGTTCGAACGCC-2,3
TCGAAGTTCGACGCGT-2,4
TCGAAGTTCGCGGTAC-2,4
TCGCTCAAGCCTCTGG-2,3
TCGCTCAAGGGCGAAG-2,3
TCGCTCAAGTAGTCTC-2,4
TCGCTCACAAATGCGG-2,3
TCGCTCACAAGTAGTA-2,6
TCGCTCACACACCGCA-2,8
TCGCTCACACTACCGG-2,0
TCGCTCACAGCTACTA-2,1
TCGCTCACAGGTTCAT-2,3
TCGCTCAGTAACTTCG-2,3
TCGCTCAGTCAAGCGA-2,3
TCGCTCAGTCCCGGTA-2,4
TCGCTCATCAAGAAAC-2,0
TCGCTCATCCTTCACG-2,4
TCGCTCATCGTAGAGG-2,0
TCGCTCATCTCCAATT-2,0
TCGCTCATCTCGAGTA-2,5
TCGCTCATCTCTAGGA-2,1
TGCTCGTAGAGAGCGA-2,1
TGCTCGTAGAGAGCGG-2,0
TGCTCGTAGCGACATG-2,3
TGCTCGTAGCTTGTTG-2,5
TGCTCGTAGGTTACAA-2,6
TGCTCGTCAAACCATC-2,0
TGCTCGTCAAATGCGG-2,8
TGCTCGTCAACGCATT-2,1
TGCTCGTCACATGAAA-2,1
TGCTCGTCACCAGCGT-2,3
TGCTCGTGTCCACACG-2,6
TGCTCGTGTCCTTAAG-2,0
TGCTCGTGTTTGATCG-2,4
TGCTCGTTCACAAGAA-2,3
TGCTCGTTCCACGTAA-2,2
TGCTCGTTCCGAGAAG-2,1
TGCTCGTTCTGGCTGG-2,1
TGGTACAAGATCGCCC-2,13
TGGTACAAGCACCTGC-2,1
TGGTACACAAGCCATT-2,2
TGGTACACAGGGAATC-2,5
TGGTACAGTAGTGTGG-2,1
TGGTACAGTCCCGTGA-2,7
TGGTACAGTTGGAGGT-2,10
TGGTACATCATTTGGG-2,5
TGGTACATCCGCTTAC-2,11
TGGTACATCCTTATCA-2,0
TGGTACATCGCCCAGA-2,4
TGGTACATCTCACTCG-2,4
TGTCCTGAGATACCAA-2,4
TGTCCTGAGGGAGGTG-2,1
TGTCCTGCAAGCCATT-2,1
TGTCCTGCACCGTGAC-2,0
TGTCCTGCAGCTGCCA-2,9
TGTCCTGCATCCTTCG-2,3
TGTCCTGGTAACGCGA-2,2
TGTCCTGGTCGTATGT-2,3
TGTCCTGGTTAAGACA-2,2
TGTCCTGTCAATCCAG-2,4
TGTCCTGTCCGAGAAG-2,0
TGTCCTGTCCGCTTAC-2,11
TGTCCTGTCTGAATCG-2,1
TGTGATGAGATCACCT-2,3
TGTGATGAGCGACATG-2,4
TGTGATGAGTGGCCTC-2,5
TGTGATGCAACCAATC-2,1
TGTGATGCATCTCCCA-2,4
TGTGATGGTAATGCTC-2,4
TGTGATGGTCACTCGG-2,1
TGTGATGGTCTTCATT-2,7
TGTGATGGTTAAGTCC-2,7
TGTGATGTCCAACTAG-2,5
TGTGATGTCCCAAGCG-2,6
TGTGATGTCCTTCACG-2,4
TGTGATGTCGAACGCC-2,7
TTACAGGAGCCTCTGG-2,5
TTACAGGAGCTTGTTG-2,2
TTACAGGAGGTACAGC-2,8
TTACAGGAGGTTGGAC-2,5
TTACAGGAGTGGCCTC-2,1
TTACAGGCAAATGCGG-2,5
TTACAGGCAAGTAGTA-2,1
TTACAGGCACACCGCA-2,5
TTACAGGCACAGAGAC-2,5
TTACAGGCACATGAAA-2,6
TTACAGGCATCCTTCG-2,4
TTACAGGGTAATGCTC-2,5
TTACAGGGTCGAATGG-2,0
TTACAGGGTCTTCATT-2,3
TTACAGGTCATTTGGG-2,3
TTACAGGTCCGTATGA-2,0
TTACAGGTCTCGAGTA-2,4
TTCGATTAGGTACAGC-2,3
TTCGATTAGGTTGCCC-2,3
TTCGATTCAATCTGCA-2,1
TTCGATTCAATTAGGA-2,9
TTCGATTCACACCGCA-2,0
TTCGATTCACCAGCGT-2,4
TTCGATTGTAACGCGA-2,3
TTCGATTGTCACGCTG-2,10
TTCGATTGTGCCTTCT-2,4
TTCGATTGTGTCTAAC-2,5
TTCGATTGTTACACAC-2,8
TTCGATTGTTCCGTTC-2,4
TTCGATTGTTGGAGGT-2,0
TTCGATTTCCCAACTC-2,0
TTCGATTTCCTACAAG-2,3
TTCGATTTCTAGTCAG-2,3
TTGTTTGAGACGTCCC-2,0
TTGTTTGAGCACTCTA-2,1
TTGTTTGAGCATTGAA-2,3
TTGTTTGAGTGCGTCC-2,4
TTGTTTGAGTGGCCTC-2,3
TTGTTTGCAATAGTAG-2,1
TTGTTTGCACTACACA-2,6
TTGTTTGCACTTCAGA-2,3
TTGTTTGGTATAGGAT-2,1
TTGTTTGGTCCCGGTA-2,6
TTGTTTGGTTTGATCG-2,4
TTGTTTGTCATCGCTC-2,7
TTGTTTGTCGCCACTT-2,3
TTTCATGAGGAACTCG-2,2
TTTCATGAGGATCACG-2,3
TTTCATGAGGCGTTAG-2,6
TTTCATGAGGTACAGC-2,2
TTTCATGCAAGTCGTT-2,2
TTTCATGCAATCTCGA-2,4
TTTCATGCAATCTGCA-2,1
TTTCATGCACAAATCC-2,4
TTTCATGCATCCTTCG-2,5
TTTCATGCATGAAGGC-2,5
TTTCATGCATGTTCGA-2,5
TTTCATGGTGTCTAAC-2,1
TTTCATGGTTCCACGG-2,1
TTTCATGTCCAATCCC-2,5
TTTCATGTCCTGCTAC-2,0
TTTCATGTCGTAGAGG-2,1
TTTCATGTCGTCGGGT-2,7
TTTCATGTCTCATAGG-2,3
TTTCATGTCTCCGAGG-2,6
TTTCGATAGATGCTTC-2,4
TTTCGATAGCTCTGTA-2,3
TTTCGATAGGTTGGAC-2,5
TTTCGATCACAAATCC-2,6
TTTCGATCATGAAGCG-2,0
TTTCGATCATGGCTAT-2,1
TTTCGATGTATGCGTT-2,4
TTTCGATTCCGTATGA-2,2
TTTGTTGAGAAATTGC-2,0
TTTGTTGAGCATTGAA-2,6
TTTGTTGAGCTCACTA-2,0
TTTGTTGAGTCTTGGT-2,0
TTTGTTGCAATCAAGA-2,2
TTTGTTGCACATATGC-2,1
TTTGTTGCACCAGCGT-2,2
TTTGTTGGTAACTTCG-2,8
TTTGTTGGTGACAGGT-2,4
TTTGTTGTCCGTATGA-2,3
TTTGTTGTCTCGAGTA-2,5
TTTGTTGTCTGGCTGG-2,0
TTTGTTGTCTTAGCCC-2,5
AATCACGAGCACTCTA-3,9
AATCACGAGCCTCTGG-3,1
AATCACGAGCGACATG-3,6
AATCACGAGTCTTGGT-3,2
AATCACGCACTAAACC-3,4
AATCACGCATGTTCGA-3,6
AATCACGGTAGCGTAG-3,4
AATCACGGTGACAGGT-3,2
AATCACGGTTCCACGG-3,1
AATCACGTCCATTGCC-3,1
AATCACGTCCCGTTGT-3,3
AATCACGTCCGAGAAG-3,6
AATCACGTCGTTTACT-3,6
ACAGAAAAGATGCTTC-3,4
ACAGAAAAGTAGTCTC-3,2
ACAGAAAAGTCCCAAT-3,6
ACAGAAAAGTGGCCTC-3,0
ACAGAAACACACCGCA-3,6
ACAGAAACATGGCTAT-3,0
ACAGAAAGTTCCGTTC-3,6
ACAGAAAGTTGGACCC-3,1
ACAGAAATCCCGTTGT-3,4
ACAGAAATCCGGACGT-3,1
ACAGAAATCGTTTACT-3,5
ACAGAAATCTGCCCTA-3,0
ACAGAAATCTTAGCCC-3,0
ACCCTTGAGAGAGCGA-3,4
ACCCTTGAGAGAGCGG-3,4
ACCCTTGAGCCTCTGG-3,0
ACCCTTGCAAGCCATT-3,11
ACCCTTGCACAGAGAC-3,5
ACCCTTGCACATATGC-3,3
ACCCTTGCACGCGCAT-3,3
ACCCTTGCATGTTCGA-3,0
ACCCTTGGTAATGCTC-3,6
ACCCTTGGTAGGTTTC-3,4
ACCCTTGGTCGAATGG-3,3
ACCCTTGGTCGTATGT-3,4
ACCCTTGGTGCACAAG-3,1
ACCCTTGTCAGGGATG-3,2
ACCCTTGTCCAATCCC-3,6
ACCCTTGTCCCAACTC-3,6
ACCCTTGTCCGCTTAC-3,1
ACCCTTGTCTTCCTAA-3,0
ACGTCCTAGTAGGAAG-3,5
ACGTCCTAGTCCCAAT-3,1
ACGTCCTCACACCGCA-3,0
ACGTCCTCACGCGCAT-3,3
ACGTCCTCACTACACA-3,4
ACGTCCTCATCCTATT-3,5
ACGTCCTCATTATGCG-3,5
ACGTCCTGTAACTTCG-3,2
ACGTCCTGTCACGCTG-3,6
ACGTCCTGTCGGTGTC-3,10
ACGTCCTGTCGTATGT-3,1
ACGTCCTGTTCCACGG-3,4
ACGTCCTTCCAATCCC-3,1
ACGTCCTTCCTGCTAC-3,2
ACGTCCTTCTCCAATT-3,2
ACGTCCTTCTCTAGGA-3,4
ACGTCCTTCTGTGCGG-3,6
ACTATTCAGTCATCCA-3,9
ACTATTCAGTCCCAAT-3,2
ACTATTCCAAACCATC-3,3
ACTATTCGTCACGCTG-3,5
ACTATTCGTTAAGACA-3,0
ACTATTCTCAAGAAAC-3,4
ACTATTCTCCGAGAAG-3,0
ACTATTCTCCTTCACG-3,3
ACTATTCTCTGAATCG-3,2
ACTGTGAAGATACCAA-3,9
ACTGTGAAGGTTACAA-3,3
ACTGTGAAGGTTGCCC-3,0
ACTGTGAAGTCCCAAT-3,9
ACTGTGACAACCAATC-3,3
ACTGTGACACTAAACC-3,3
ACTGTGACAGCAGTGA-3,9
ACTGTGACATCTCCCA-3,5
ACTGTGAGTAACGCGA-3,5
ACTGTGAGTATGAGCG-3,1
ACTGTGATCACAAGAA-3,8
ACTGTGATCGCCTTGT-3,5
ACTGTGATCTCTAGGA-3,5
ACTGTGATCTGGCTGG-3,5
ACTTTCAAGCACTCTA-3,3
ACTTTCAAGGCCTAGA-3,6
ACTTTCAAGTAATTGG-3,7
ACTTTCAAGTCCCAAT-3,2
ACTTTCACACTACCGG-3,4
ACTTTCACACTATGTG-3,6
ACTTTCACATATCTGG-3,1
ACTTTCACATCAGTGT-3,1
ACTTTCAGTAACTTCG-3,0
ACTTTCAGTACGGGAT-3,0
ACTTTCAGTAGAATGT-3,6
ACTTTCAGTATAGGAT-3,6
ACTTTCAGTCGAATGG-3,3
ACTTTCATCACAAGAA-3,8
ACTTTCATCCAATCCC-3,3
ACTTTCATCCGCTTAC-3,3
ACTTTCATCTCCGAGG-3,12
AGACACTAGATCGCCC-3,6
AGACACTAGCGAATGC-3,3
AGACACTCAAGCCATT-3,0
AGACACTCAATTAGGA-3,7
AGACACTCACATGAAA-3,1
AGACACTCAGGTTCAT-3,0
AGACACTCATTATGCG-3,1
AGACACTGTATGAGCG-3,3
AGACACTGTGTCTAAC-3,0
AGACACTTCTGGCTGG-3,0
AGACACTTCTTAGCCC-3,0
AGGGAGTAGATCACCT-3,1
AGGGAGTAGCACTCTA-3,6
AGGGAGTAGCTCACTA-3,4
AGGGAGTAGGCGTTAG-3,3
AGGGAGTAGGTTGGAC-3,4
AGGGAGTCAACCAATC-3,1
AGGGAGTCACACCGCA-3,3
AGGGAGTCACCAGCGT-3,3
AGGGAGTCACTACGGC-3,0
AGGGAGTCAGGGAATC-3,0
AGGGAGTCATCCTATT-3,5
AGGGAGTGTACTGAGG-3,1
AGGGAGTGTGATTGGG-3,9
AGGGAGTTCATGCCCT-3,2
AGGGAGTTCTCCAATT-3,5
AGGGTGAAGACCAGAC-3,2
AGGGTGAAGCATTGAA-3,9
AGGGTGAAGGATCACG-3,0
AGGGTGAAGTAATTGG-3,6
AGGGTGAAGTCCCAAT-3,0
AGGGTGACACACCGCA-3,1
AGGGTGACACTACCGG-3,2
AGGGTGACATATCTGG-3,5
AGGGTGAGTAGCGTAG-3,4
AGGGTGAGTAGGTTTC-3,9
AGGGTGAGTAGTGTGG-3,3
AGGGTGAGTATACCTG-3,3
AGGGTGAGTCGAATGG-3,1
AGGGTGAGTCGTGCCA-3,9
AGGGTGAGTTGGAGGT-3,1
AGGGTGATCGCCACTT-3,0
AGGGTGATCGCGGTAC-3,6
AGGGTGATCTTAGCCC-3,4
AGTAACCAGATCGCCC-3,5
AGTAACCAGCTCTGTA-3,6
AGTAACCAGGCTCAAG-3,1
AGTAACCAGGGAGGTG-3,5
AGTAACCAGGGCGAAG-3,9
AGTAACCAGGTTGCCC-3,6
AGTAACCAGTCCCAAT-3,7
AGTAACCCAATCTGCA-3,2
AGTAACCCACACCGCA-3,2
AGTAACCGTAACGCGA-3,1
AGTAACCGTAGTGTGG-3,1
AGTAACCGTCAAGCGA-3,3
AGTAACCGTCCCGTGA-3,2
AGTAACCGTCGTGCCA-3,2
AGTAACCGTCTTCATT-3,6
AGTAACCGTGACAGGT-3,3
AGTAACCGTTAAGTCC-3,4
AGTAACCGTTACACAC-3,4
AGTAACCGTTCCGTTC-3,3
AGTAACCTCAAAGGTA-3,7
AGTAACCTCCCAAGCG-3,4
AGTAACCTCGCCTTGT-3,4
AGTAACCTCTGCCCTA-3,6
AGTAGTCAGATACCAA-3,3
AGTAGTCCAACCAATC-3,5
AGTAGTCCACAAATCC-3,2
AGTAGTCCAGCAGTGA-3,3
AGTAGTCCAGTTTCGA-3,7
AGTAGTCCATGAAGGC-3,4
AGTAGTCCATTATGCG-3,1
AGTAGTCGTAGAATGT-3,5
AGTAGTCGTCGAATGG-3,1
AGTAGTCGTCGTATGT-3,2
AGTAGTCGTCTAGGTT-3,3
AGTAGTCGTGATTGGG-3,1
AGTAGTCGTGCACAAG-3,3
AGTAGTCTCTGGCTGG-3,2
AGTAGTCTCTTAGCAG-3,3
AGTGACTAGAAATTGC-3,3
AGTGACTAGAGAGCGG-3,6
AGTGACTAGCAATTAG-3,0
AGTGACTAGCTCTGTA-3,3
AGTGACTAGCTTAAGA-3,10
AGTGACTAGGTTACAA-3,1
AGTGACTCAAGAGAGA-3,0
AGTGACTCACAGAGAC-3,2
AGTGACTCACTTCAGA-3,2
AGTGACTCAGCTGCCA-3,0
AGTGACTGTAGTGTGG-3,9
AGTGACTGTGACAGGT-3,1
AGTGACTGTTAAGTCC-3,6
AGTGACTTCAATCCAG-3,5
AGTGACTTCTGCCCTA-3,4
ATGAGTCAGAAATTGC-3,1
ATGAGTCAGCTTAAGA-3,3
ATGAGTCCAATCTCGA-3,3
ATGAGTCCACAAATCC-3,5
ATGAGTCCAGTGTGCC-3,6
ATGAGTCCAGTTTCGA-3,3
ATGAGTCCATCCTATT-3,5
ATGAGTCGTTCCGTTC-3,4
ATGAGTCGTTGGAGGT-3,0
ATGAGTCTCATGCCCT-3,4
ATGAGTCTCGCCCAGA-3,1
ATGAGTCTCGTAGAGG-3,0
ATGAGTCTCGTTCCTG-3,2
CACAGATAGCGAATGC-3,0
CACAGATAGTGTTGAA-3,4
CACAGATCAACCAATC-3,6
CACAGATCAAGCCATT-3,6
CACAGATCACAGAGAC-3,4
CACAGATCATCCTATT-3,1
CACAGATCATCCTTCG-3,4
CACAGATCATCTCCCA-3,4
CACAGATCATGAAGCG-3,0
CACAGATGTCCCGGTA-3,3
CACAGATGTGCACAAG-3,4
CACAGATGTTAGGAGC-3,3
CACAGATTCACAAGAA-3,0
CACAGATTCGCGGTAC-3,4
CACAGATTCTAGTCAG-3,4
CACAGATTCTTAGCAG-3,6
CAGCAGCAGCGAATGC-3,5
CAGCAGCAGCGACATG-3,2
CAGCAGCAGTCTTGGT-3,1
CAGCAGCCAAGTCGTT-3,5
CAGCAGCCAATTAGGA-3,4
CAGCAGCCACATGAAA-3,10
CAGCAGCCAGCTACTA-3,0
CAGCAGCCATCCTATT-3,0
CAGCAGCCATCCTTCG-3,5
CAGCAGCGTCACTCGG-3,2
CAGCAGCGTGACAGGT-3,3
CAGCAGCGTTACACAC-3,9
CAGCAGCGTTGGACCC-3,0
CAGCAGCTCCCAAGCG-3,2
CAGCAGCTCCCGTTGT-3,10
CAGCAGCTCCGAGAAG-3,1
CAGCAGCTCGCCCAGA-3,4
CAGCAGCTCTAGTCAG-3,3
CAGCAGCTCTCACTCG-3,5
CAGCAGCTCTCGAGTA-3,1
CAGCAGCTCTTCCTAA-3,7
CAGCGTGAGCGACATG-3,4
CAGCGTGAGCTCTGTA-3,6
CAGCGTGAGGTACAGC-3,6
CAGCGTGAGTATAACG-3,0
CAGCGTGAGTCATCCA-3,8
CAGCGTGAGTCTTGGT-3,4
CAGCGTGCACCCTCTA-3,2
CAGCGTGCACGCGCAT-3,5
CAGCGTGCAGTGTGCC-3,2
CAGCGTGCATGAATAG-3,3
CAGCGTGGTAATGCTC-3,2
CAGCGTGGTAGGTTTC-3,0
CAGCGTGGTAGTGTGG-3,1
CAGCGTGTCCGGACGT-3,0
CAGCGTGTCTCACTCG-3,8
CAGGCCAAGGTCTACT-3,1
CAGGCCAAGTCATCCA-3,0
CAGGCCACACCCTCTA-3,2
CAGGCCACACTACACA-3,5
CAGGCCACATCAGTGT-3,0
CAGGCCAGTATGCGTT-3,1
CAGGCCAGTCAAGCCC-3,5
CAGGCCAGTCACGCTG-3,1
CAGGCCAGTTCCGTTC-3,1
CAGGCCATCGCGGTAC-3,3
CATACAGAGAGAGCGG-3,1
CATACAGAGCACTCTA-3,5
CATACAGAGCAGCCCT-3,6
CATACAGAGGGAGGTG-3,9
CATACAGAGGTTGGAC-3,4
CATACAGAGTCCCAAT-3,5
CATACAGAGTGTGTTC-3,2
CATACAGCAAGTAGTA-3,5
CATACAGCAATAGTAG-3,1
CATACAGGTATGAGCG-3,9
CATACAGGTCGGTGTC-3,0
CATACAGGTGCGGTAA-3,0
CATACAGGTTAGGAGC-3,3
CATACAGGTTGGGATG-3,4
CATACAGTCCCGTTGT-3,2
CATACAGTCCGAGAAG-3,1
CATACAGTCCGTATGA-3,1
CATACAGTCTCTAGGA-3,1
CATACAGTCTGTGCGG-3,1
CCCTCTCAGAAATTGC-3,3
CCCTCTCAGGCTCAAG-3,5
CCCTCTCAGTAATTGG-3,5
CCCTCTCCAAGTAGTA-3,1
CCCTCTCCACATATGC-3,4
CCCTCTCCACATGAAA-3,0
CCCTCTCGTAATGCTC-3,4
CCCTCTCGTCGGTGTC-3,0
CCCTCTCGTGACGCCT-3,6
CCCTCTCGTTCCACGG-3,4
CCCTCTCTCACAAGAA-3,6
CCCTCTCTCCGCACGA-3,5
CCCTCTCTCGAACGCC-3,4
CCCTCTCTCGTAGAGG-3,5
CCCTCTCTCGTCGGGT-3,2
CGGCAGTAGACCAGAC-3,4
CGGCAGTAGCGACATG-3,3
CGGCAGTCAAATGCGG-3,1
CGGCAGTCAACCAATC-3,6
CGGCAGTCAATCAAGA-3,3
CGGCAGTCACCCTCTA-3,1
CGGCAGTCACTTCAGA-3,6
CGGCAGTCAGCAGTGA-3,9
CGGCAGTGTACGGGAT-3,5
CGGCAGTGTTGGACCC-3,5
CGGCAGTGTTTGATCG-3,8
CGGCAGTTCATTTGGG-3,1
CGGCAGTTCGCGGTAC-3,3
CGTCCATAGACCAGAC-3,7
CGTCCATAGCTTGTTG-3,9
CGTCCATAGTGTGTTC-3,0
CGTCCATCAAGAGTAT-3,8
CGTCCATCACAAATCC-3,6
CGTCCATCACTACGGC-3,1
CGTCCATCAGCTACTA-3,5
CGTCCATCAGTTTCGA-3,8
CGTCCATCATATCTGG-3,9
CGTCCATCATGTTCGA-3,3
CGTCCATGTATGCGTT-3,6
CGTCCATGTCTTCATT-3,1
CGTCCATGTGCCTTCT-3,5
CGTCCATTCATCGCTC-3,9
GAGGGTAAGCTGGTGA-3,13
GAGGGTAAGCTTGTTG-3,0
GAGGGTAAGGTTACAA-3,2
GAGGGTAAGTAGGAAG-3,1
GAGGGTACAAGCCATT-3,6
GAGGGTACAGCTACTA-3,5
GAGGGTACAGCTGCCA-3,4
GAGGGTAGTAATGCTC-3,9
GAGGGTAGTATGAGCG-3,1
GAGGGTAGTCGTATGT-3,1
GAGGGTATCCAACTAG-3,0
GAGGGTATCCTTCACG-3,6
GAGGGTATCGCCTTGT-3,3
GAGGGTATCGTTTACT-3,8
GAGTTGTAGACCAGAC-3,6
GAGTTGTAGATCACCT-3,1
GAGTTGTAGCAATTAG-3,0
GAGTTGTAGCTTGTTG-3,3
GAGTTGTAGGTTACAA-3,1
GAGTTGTAGTAGGAAG-3,0
GAGTTGTAGTCATCCA-3,1
GAGTTGTCACACCGCA-3,1
GAGTTGTGTCTTCATT-3,6
GAGTTGTGTGCACAAG-3,0
GAGTTGTGTTAAGTCC-3,4
GAGTTGTGTTACACAC-3,1
GAGTTGTGTTCGAAGG-3,0
GAGTTGTGTTTGATCG-3,10
GAGTTGTTCCAATCCC-3,0
GAGTTGTTCCGCTTAC-3,5
GAGTTGTTCGTTTACT-3,6
GAGTTGTTCTCCAATT-3,2
GAGTTGTTCTTAGCCC-3,0
GCGTTTCAGCTTGTTG-3,2
GCGTTTCAGGGAGGTG-3,0
GCGTTTCAGTGTTGAA-3,0
GCGTTTCCAACCAATC-3,1
GCGTTTCCAAGAGAGA-3,2
GCGTTTCCACCAGCGT-3,1
GCGTTTCGTAGCGTAG-3,2
GCGTTTCGTATACCTG-3,0
GCGTTTCGTCCACACG-3,5
GCGTTTCGTCGGTGTC-3,3
GCGTTTCGTTAAGTCC-3,5
GCGTTTCTCATGCCCT-3,6
GCGTTTCTCATTTGGG-3,5
GCGTTTCTCCAATCCC-3,4
GCGTTTCTCCGAGAAG-3,5
GCGTTTCTCGTAGAGG-3,11
GCGTTTCTCTCCGAGG-3,5
GCGTTTCTCTGTGCGG-3,0
GGTAACTAGACGTCGA-3,6
GGTAACTAGATCGCCC-3,2
GGTAACTAGCAGCCCT-3,6
GGTAACTAGTAGTCTC-3,6
GGTAACTCACAAATCC-3,0
GGTAACTCACATATGC-3,5
GGTAACTCAGCTACTA-3,0
GGTAACTGTCGAATGG-3,5
GGTAACTGTCGGTGTC-3,0
GGTAACTGTCTAGGTT-3,0
GGTAACTGTGATTGGG-3,1
GGTAACTGTTGGAGGT-3,1
GGTAACTGTTTGATCG-3,3
GGTAACTTCATCGCTC-3,1
GGTAACTTCCGAGAAG-3,0
GGTAACTTCCTACAAG-3,4
GGTAATCAGATCACCT-3,9
GGTAATCAGCAGGTCA-3,0
GGTAATCAGCCTCTGG-3,9
GGTAATCAGGTTGCCC-3,8
GGTAATCCACTACCGG-3,6
GGTAATCCAGACCTAT-3,2
GGTAATCCAGGGAATC-3,6
GGTAATCCAGGTTCAT-3,2
GGTAATCCATCCTTCG-3,3
GGTAATCCATGAATAG-3,4
GGTAATCGTCACTCGG-3,3
GGTAATCGTCCTTAAG-3,0
GGTAATCGTCGTATGT-3,7
GGTAATCGTTAGGAGC-3,0
GGTAATCTCCTTATCA-3,5
GGTAATCTCTCTAGGA-3,0
GTCAAGTAGACGTCGA-3,6
GTCAAGTAGAGAGCGA-3,4
GTCAAGTAGAGAGCGG-3,4
GTCAAGTAGCACTCTA-3,1
GTCAAGTAGCATTGAA-3,9
GTCAAGTAGCGAATGC-3,1
GTCAAGTAGTCATCCA-3,3
GTCAAGTCAAATGCGG-3,0
GTCAAGTCACATATGC-3,3
GTCAAGTCACTATGTG-3,0
GTCAAGTCAGACCTAT-3,0
GTCAAGTGTGACGCCT-3,4
GTCAAGTGTGCACAAG-3,0
GTCAAGTGTGTCTAAC-3,1
GTCAAGTGTTCGAAGG-3,9
GTCAAGTTCAATCCAG-3,0
GTCAAGTTCTCACTCG-3,3
GTCAAGTTCTTCCTAA-3,1
GTGAGCCAGCATTGAA-3,0
GTGAGCCCAACGCATT-3,7
GTGAGCCCAGACCTAT-3,8
GTGAGCCCAGGTTCAT-3,3
GTGAGCCCAGTTTCGA-3,5
GTGAGCCCATGAAGGC-3,5
GTGAGCCGTAGAATGT-3,0
GTGAGCCGTCACGCTG-3,2
GTGAGCCGTCCTTAAG-3,2
GTGAGCCTCGCCCAGA-3,3
GTGAGCCTCGTAGAGG-3,3
GTGAGCCTCTCTAGGA-3,0
GTGAGCCTCTGAATCG-3,3
GTGAGCCTCTGGCTGG-3,1
GTGGAGAAGATGCTTC-3,4
GTGGAGAAGCACCTGC-3,0
GTGGAGAAGTAATTGG-3,8
GTGGAGACAAACCATC-3,1
GTGGAGACAATCTGCA-3,5
GTGGAGACACCGTGAC-3,6
GTGGAGACACTAAACC-3,1
GTGGAGACACTACGGC-3,4
GTGGAGAGTAACGCGA-3,6
GTGGAGAGTAGCGTAG-3,1
GTGGAGAGTATACCTG-3,0
GTGGAGAGTTCGGCTG-3,6
GTGGAGATCCCGTTGT-3,6
GTGGAGATCCGCTTAC-3,3
GTGGAGATCGACGCGT-3,7
GTGGAGATCTTAGCAG-3,0
GTGTGGCAGGGAGGTG-3,3
GTGTGGCAGGTTGCCC-3,13
GTGTGGCAGTCCCAAT-3,6
GTGTGGCAGTCTTGGT-3,2
GTGTGGCAGTGTGTTC-3,6
GTGTGGCCACGCGCAT-3,4
GTGTGGCGTCCACACG-3,4
GTGTGGCGTGACGCCT-3,7
GTGTGGCGTTAAGTCC-3,5
GTGTGGCTCACAAGAA-3,4
GTGTGGCTCGTTCCTG-3,0
GTGTGGCTCTCCGAGG-3,0
TAACACGAGCACTCTA-3,5
TAACACGAGCTTGTTG-3,2
TAACACGCAAACCATC-3,0
TAACACGCAAATGCGG-3,3
TAACACGCAGTTTCGA-3,3
TAACACGCATGGCTAT-3,0
TAACACGGTAGCGTAG-3,10
TAACACGGTATGAGCG-3,1
TAACACGGTCCCGTGA-3,1
TAACACGGTCTAGGTT-3,3
TAACACGGTGCCTTCT-3,12
TAACACGTCCGCTTAC-3,1
TAACACGTCGTTTACT-3,4
TAACACGTCTTAGCAG-3,0
TAGGAGGAGAGAGCGA-3,1
TAGGAGGAGAGAGCGG-3,1
TAGGAGGAGATACCAA-3,0
TAGGAGGAGCAGGTCA-3,3
TAGGAGGAGTGCGTCC-3,1
TAGGAGGCAGGGAATC-3,9
TAGGAGGCATCTCCCA-3,6
TAGGAGGCATGAAGGC-3,3
TAGGAGGGTACGGGAT-3,9
TAGGAGGGTCACTCGG-3,13
TAGGAGGGTCCCGGTA-3,4
TAGGAGGGTGGCTTAT-3,4
TAGGAGGGTTCGGCTG-3,3
TAGGAGGTCAAAGGTA-3,5
TAGGAGGTCCGCTTAC-3,3
TATTGCTAGATACCAA-3,1
TATTGCTAGCAATTAG-3,1
TATTGCTAGGTTGGAC-3,1
TATTGCTCAGCTGCCA-3,8
TATTGCTCATGAATAG-3,2
TATTGCTGTAGGTTTC-3,4
TATTGCTGTATAGGAT-3,5
TATTGCTGTGACAGGT-3,1
TATTGCTGTGATTGGG-3,1
TATTGCTGTTCGGCTG-3,7
TATTGCTTCCCAACTC-3,4
TATTGCTTCGCCACTT-3,7
TATTGCTTCGTTCCTG-3,0
TCACGCTAGACCAGAC-3,0
TCACGCTAGGTTGGAC-3,1
TCACGCTCAAATGCGG-3,0
TCACGCTCAGCAGTGA-3,4
TCACGCTCATATCTGG-3,3
TCACGCTCATGAAGGC-3,3
TCACGCTGTAACTTCG-3,0
TCACGCTGTAATGCTC-3,0
TCACGCTGTCCCGGTA-3,3
TCACGCTGTGCGGTAA-3,2
TCACGCTTCTCGAGTA-3,0
TCACGCTTCTGGCTGG-3,1
TCACGCTTCTGTGCGG-3,1
TCCAGAAAGCTGGTGA-3,0
TCCAGAAAGTAATTGG-3,0
TCCAGAAGTAATGCTC-3,5
TCCAGAAGTAGGTTTC-3,4
TCCAGAAGTCCTTAAG-3,6
TCCAGAAGTTCGAAGG-3,0
TCCAGAATCCTGCTAC-3,0
TCCAGAATCTGGCTGG-3,1
TCCAGAATCTGTGCGG-3,1
TCGAAGTAGGTACAGC-3,4
TCGAAGTCAAACCATC-3,2
TCGAAGTGTAGCGTAG-3,0
TCGAAGTGTCCCGGTA-3,8
TCGAAGTGTTCGGCTG-3,5
TCGAAGTTCAATCCAG-3,2
TCGAAGTTCCCAAGCG-3,6
TCGCTCAAGCCTCTTC-3,6
TCGCTCAAGGCTCAAG-3,1
TCGCTCAAGGGAGGTG-3,1
TCGCTCAAGGTCTACT-3,5
TCGCTCAAGTAGGAAG-3,4
TCGCTCACAACCAATC-3,4
TCGCTCACACCCTCTA-3,4
TCGCTCAGTACTGAGG-3,1
TCGCTCAGTCGAATGG-3,6
TCGCTCAGTGACGCCT-3,3
TCGCTCAGTGCACAAG-3,0
TCGCTCAGTGCCTTCT-3,2
TCGCTCAGTGCGGTAA-3,0
TCGCTCATCGCCACTT-3,4
TCGCTCATCGTTTACT-3,6
TCGCTCATCTCACTCG-3,1
TCGCTCATCTGTGCGG-3,2
TGCTCGTAGCAATTAG-3,6
TGCTCGTAGGGAGGTG-3,4
TGCTCGTCAAGAGTAT-3,4
TGCTCGTCAATCAAGA-3,5
TGCTCGTCAATCTCGA-3,0
TGCTCGTCAATCTGCA-3,4
TGCTCGTGTGCCTTCT-3,0
TGCTCGTGTTCCGTTC-3,5
TGCTCGTTCGCGGTAC-3,6
TGGTACAAGACCAGAC-3,4
TGGTACAAGATACCAA-3,3
TGGTACAAGATGCTTC-3,5
TGGTACAAGGATCACG-3,4
TGGTACAAGGGCGAAG-3,2
TGGTACACAATCTGCA-3,9
TGGTACACACCGTGAC-3,5
TGGTACACATGAAGCG-3,1
TGGTACAGTAGCGTAG-3,6
TGGTACAGTCAAGCGA-3,0
TGGTACAGTCCCGTGA-3,5
TGGTACAGTCGTATGT-3,5
TGGTACAGTGCCTTCT-3,5
TGGTACAGTTCCGTTC-3,5
TGGTACAGTTTGATCG-3,5
TGGTACATCAAAGGTA-3,2
TGGTACATCAGGGATG-3,1
TGGTACATCCAACTAG-3,1
TGGTACATCCTGCTAC-3,5
TGGTACATCTCCGAGG-3,4
TGGTACATCTTAGCCC-3,5
TGTCCTGAGAAATTGC-3,5
TGTCCTGAGAGAGCGG-3,5
TGTCCTGAGCACCTGC-3,8
TGTCCTGAGCACTCTA-3,0
TGTCCTGAGGCTCAAG-3,12
TGTCCTGAGTCATCCA-3,1
TGTCCTGCAAACCATC-3,5
TGTCCTGCACATGAAA-3,0
TGTCCTGCACCCTCTA-3,13
TGTCCTGCAGTGTGCC-3,1
TGTCCTGCATTATGCG-3,5
TGTCCTGGTCAAGCGA-3,0
TGTCCTGGTCGTATGT-3,4
TGTCCTGGTTAAGTCC-3,0
TGTCCTGGTTGGAGGT-3,5
TGTCCTGTCGTTCCTG-3,5
TGTCCTGTCTCCGAGG-3,2
TGTCCTGTCTTAGCCC-3,2
TGTGATGAGATCACCT-3,4
TGTGATGAGGAACTCG-3,2
TGTGATGAGTGGCCTC-3,1
TGTGATGCAAGTAGTA-3,5
TGTGATGCAATAGTAG-3,1
TGTGATGCACCGTGAC-3,4
TGTGATGCATATCTGG-3,1
TGTGATGGTATACCTG-3,0
TGTGATGGTCCACACG-3,3
TGTGATGTCCTGCTAC-3,5
TGTGATGTCGTAGAGG-3,4
TGTGATGTCGTTTACT-3,9
TGTGATGTCTTCCTAA-3,0
TTACAGGAGAGAGCGA-3,4
TTACAGGAGAGAGCGG-3,4
TTACAGGAGGTTGGAC-3,0
TTACAGGAGTGGCCTC-3,2
TTACAGGCAAATGCGG-3,4
TTACAGGCAAGCCATT-3,0
TTACAGGCATGAATAG-3,3
TTACAGGCATGGCTAT-3,0
TTACAGGGTCCCGTGA-3,0
TTACAGGGTGATTGGG-3,10
TTACAGGTCCACGTAA-3,2
TTACAGGTCCGAGAAG-3,5
TTACAGGTCCGCACGA-3,0
TTCGATTAGCACCTGC-3,4
TTCGATTAGCAGCCCT-3,3
TTCGATTAGCTTGTTG-3,3
TTCGATTCACAAATCC-3,10
TTCGATTCACAGAGAC-3,5
TTCGATTCAGCTGCCA-3,9
TTCGATTCAGTTTCGA-3,1
TTCGATTGTAACTTCG-3,3
TTCGATTGTATAGGAT-3,5
TTCGATTGTCACTCGG-3,1
TTCGATTGTCGTATGT-3,6
TTCGATTTCAAAGGTA-3,2
TTCGATTTCATGCCCT-3,0
TTCGATTTCCAATCCC-3,3
TTCGATTTCCATTGCC-3,6
TTCGATTTCGTAGAGG-3,1
TTCGATTTCTCTAGGA-3,3
TTGTTTGAGATACCAA-3,4
TTGTTTGAGCACCTGC-3,8
TTGTTTGAGCAGCCCT-3,3
TTGTTTGAGGAACTCG-3,0
TTGTTTGCACCGTGAC-3,3
TTGTTTGCAGCTACTA-3,0
TTGTTTGCAGTGTGCC-3,0
TTGTTTGCATCCTTCG-3,6
TTGTTTGGTCACTCGG-3,2
TTGTTTGGTTCGAAGG-3,2
TTGTTTGGTTGGAGGT-3,3
TTGTTTGTCCGGACGT-3,3
TTGTTTGTCCTGCTAC-3,3
TTGTTTGTCGCGGTAC-3,2
TTGTTTGTCTCATAGG-3,13
TTTCATGAGTAGGAAG-3,2
TTTCATGCAAGTAGTA-3,0
TTTCATGCACAGAGAC-3,9
TTTCATGCAGACCTAT-3,2
TTTCATGGTCGTGCCA-3,9
TTTCATGGTGCACAAG-3,6
TTTCATGGTGCGGTAA-3,4
TTTCATGGTGTCTAAC-3,3
TTTCATGGTTTGATCG-3,13
TTTCATGTCCGCACGA-3,2
TTTCATGTCCTGCTAC-3,8
TTTCGATAGAGAGCGA-3,2
TTTCGATAGAGAGCGG-3,2
TTTCGATAGCTCTGTA-3,3
TTTCGATAGGGCGAAG-3,0
TTTCGATAGGTTGGAC-3,7
TTTCGATCAAGAGAGA-3,4
TTTCGATCAGCTACTA-3,6
TTTCGATCATCTCCCA-3,9
TTTCGATGTAACGCGA-3,1
TTTCGATGTATACCTG-3,3
TTTCGATGTCAAGCGA-3,2
TTTCGATTCCAATCCC-3,8
TTTCGATTCCTACAAG-3,1
TTTCGATTCCTTATCA-3,5
TTTCGATTCTTCCTAA-3,6
TTTGTTGAGATCACCT-3,5
TTTGTTGAGCACCTGC-3,2
TTTGTTGAGCCTCTGG-3,2
TTTGTTGAGCTGGTGA-3,1
TTTGTTGAGTCCCAAT-3,0
TTTGTTGCACACCGCA-3,6
TTTGTTGGTCACGCTG-3,1
TTTGTTGGTCCTTAAG-3,10
TTTGTTGGTGGCTTAT-3,2
TTTGTTGGTGTCTAAC-3,0
TTTGTTGGTTAGGAGC-3,0
TTTGTTGGTTGGGATG-3,0
TTTGTTGTCAAAGGTA-3,9
TTTGTTGTCATTTGGG-3,5
TTTGTTGTCCAACTAG-3,11
TTTGTTGTCTCATAGG-3,6
AATCACGAGAGAGCGG-4,3
AATCACGAGCAGGTCA-4,1
AATCACGAGCTCTGTA-4,5
AATCACGAGGTTGGAC-4,3
AATCACGAGTAATTGG-4,10
AATCACGAGTATAACG-4,1
AATCACGAGTCCCAAT-4,0
AATCACGAGTGTGTTC-4,0
AATCACGCAACGCATT-4,1
AATCACGCAAGCCATT-4,0
AATCACGCAATAGTAG-4,2
AATCACGCAATCTCGA-4,12
AATCACGCACATATGC-4,1
AATCACGCACTAAACC-4,10
AATCACGCACTACGGC-4,1
AATCACGCAGCTGCCA-4,1
AATCACGCATGAAGCG-4,5
AATCACGCATGAAGGC-4,1
AATCACGCATGTTCGA-4,0
AATCACGGTACGGGAT-4,0
AATCACGGTAGGTTTC-4,3
AATCACGGTCACGCTG-4,3
AATCACGGTCGTATGT-4,1
AATCACGGTCGTGCCA-4,5
AATCACGGTGACGCCT-4,4
AATCACGGTTCGAAGG-4,5
AATCACGGTTCGGCTG-4,3
AATCACGTCAAAGGTA-4,4
AATCACGTCACAAGAA-4,6
AATCACGTCATCGCTC-4,0
AATCACGTCCAACTAG-4,3
AATCACGTCCAATCCC-4,1
AATCACGTCCCAACTC-4,0
AATCACGTCCCAAGCG-4,0
AATCACGTCCGCACGA-4,5
AATCACGTCGAACGCC-4,1
AATCACGTCGTCGGGT-4,5
AATCACGTCTGCCCTA-4,1
AATCACGTCTGTGCGG-4,8
ACAGAAAAGAAATTGC-4,3
ACAGAAAAGACCAGAC-4,4
ACAGAAAAGATCACCT-4,2
ACAGAAAAGATCGCCC-4,2
ACAGAAAAGCTTGTTG-4,0
ACAGAAAAGGGAGGTG-4,3
ACAGAAAAGGTCTACT-4,1
ACAGAAAAGTGTGTTC-4,1
ACAGAAACAAATGCGG-4,3
ACAGAAACAAGTCGTT-4,3
ACAGAAACACTATGTG-4,5
ACAGAAACACTTCAGA-4,8
ACAGAAACATCAGTGT-4,1
ACAGAAACATGAAGGC-4,3
ACAGAAACATGGCTAT-4,5
ACAGAAAGTAATGCTC-4,4
ACAGAAAGTATGAGCG-4,4
ACAGAAAGTATGCGTT-4,4
ACAGAAAGTCACGCTG-4,3
ACAGAAAGTCGTGCCA-4,2
ACAGAAAGTGCGGTAA-4,5
ACAGAAAGTTCCACGG-4,1
ACAGAAAGTTCCGTTC-4,4
ACAGAAATCATCGCTC-4,7
ACAGAAATCCGCACGA-4,5
ACAGAAATCGCCACTT-4,11
ACAGAAATCGCGGTAC-4,0
ACAGAAATCGTAGAGG-4,1
ACCCTTGAGACCATTC-4,1
ACCCTTGAGACGTCCC-4,9
ACCCTTGAGATCACCT-4,11
ACCCTTGAGCACTCTA-4,1
ACCCTTGAGCAGCCCT-4,5
ACCCTTGAGCCTCTGG-4,5
ACCCTTGAGGCTCAAG-4,0
ACCCTTGAGTAGGAAG-4,3
ACCCTTGAGTATAACG-4,3
ACCCTTGAGTCTTGGT-4,0
ACCCTTGAGTGTTGAA-4,2
ACCCTTGCAAACCATC-4,0
ACCCTTGCAACGCATT-4,1
ACCCTTGCAAGTCGTT-4,2
ACCCTTGCACACCGCA-4,4
ACCCTTGCACATGAAA-4,5
ACCCTTGCACCCTCTA-4,2
ACCCTTGCACCGTGAC-4,0
ACCCTTGCACTACCGG-4,1
ACCCTTGCACTACGGC-4,8
ACCCTTGCACTTCAGA-4,4
ACCCTTGCAGGGAATC-4,3
ACCCTTGCATCCTTCG-4,0
ACCCTTGGTAGAATGT-4,4
ACCCTTGGTATACCTG-4,1
ACCCTTGGTCCTTAAG-4,3
ACCCTTGGTCTAGGTT-4,2
ACCCTTGGTCTTCATT-4,3
ACCCTTGGTGATTGGG-4,4
ACCCTTGGTGCACAAG-4,2
ACCCTTGGTGCCTTCT-4,2
ACCCTTGGTGGCTTAT-4,2
ACCCTTGGTTAAGTCC-4,4
ACCCTTGGTTACACAC-4,5
ACCCTTGGTTCGGCTG-4,11
ACCCTTGGTTGGACCC-4,4
ACCCTTGGTTGGGATG-4,0
ACCCTTGTCAAGAAAC-4,7
ACCCTTGTCACAAGAA-4,0
ACCCTTGTCAGGGATG-4,2
ACCCTTGTCATCGCTC-4,4
ACCCTTGTCATGCCCT-4,1
ACCCTTGTCCAATCCC-4,3
ACCCTTGTCCCAACTC-4,4
ACCCTTGTCCTGCTAC-4,0
ACCCTTGTCGACGCGT-4,0
ACCCTTGTCGCCTTGT-4,5
ACCCTTGTCGTTCCTG-4,0
ACCCTTGTCTCACTCG-4,2
ACCCTTGTCTGCCCTA-4,1
ACCCTTGTCTTAGCCC-4,3
ACGTCCTAGAAATTGC-4,5
ACGTCCTAGACGTCGA-4,4
ACGTCCTAGCAGGTCA-4,4
ACGTCCTAGGAACTCG-4,4
ACGTCCTAGGCTCAAG-4,5
ACGTCCTAGGGAGGTG-4,3
ACGTCCTAGGTCTACT-4,3
ACGTCCTAGTAATTGG-4,1
ACGTCCTAGTAGTCTC-4,5
ACGTCCTAGTCCCAAT-4,2
ACGTCCTAGTCTTGGT-4,7
ACGTCCTAGTGTGTTC-4,3
ACGTCCTCAACCAATC-4,12
ACGTCCTCAATTAGGA-4,1
ACGTCCTCAGTGTGCC-4,2
ACGTCCTCATGAAGGC-4,3
ACGTCCTCATGAATAG-4,9
ACGTCCTCATTATGCG-4,4
ACGTCCTGTATACCTG-4,2
ACGTCCTGTCAAGCGA-4,5
ACGTCCTGTCCACACG-4,2
ACGTCCTGTCCCGGTA-4,0
ACGTCCTGTCGAATGG-4,4
ACGTCCTGTGACAGGT-4,3
ACGTCCTGTGATTGGG-4,2
ACGTCCTGTGCCTTCT-4,5
ACGTCCTGTGTCTAAC-4,3
ACGTCCTGTTAAGACA-4,3
ACGTCCTGTTAGGAGC-4,1
ACGTCCTGTTCCGTTC-4,1
ACGTCCTGTTGGAGGT-4,5
ACGTCCTGTTTGATCG-4,1
ACGTCCTTCAAAGGTA-4,6
ACGTCCTTCACAAGAA-4,11
ACGTCCTTCCCAAGCG-4,3
ACGTCCTTCCGCACGA-4,0
ACGTCCTTCCGCTTAC-4,4
ACGTCCTTCCGGACGT-4,6
ACGTCCTTCCTTCACG-4,0
ACGTCCTTCGAACGCC-4,5
ACGTCCTTCGCCACTT-4,2
ACGTCCTTCGCCCAGA-4,0
ACGTCCTTCGTTCCTG-4,7
ACGTCCTTCTCATAGG-4,2
ACGTCCTTCTCCAATT-4,1
ACGTCCTTCTTAGCAG-4,2
ACTATTCAGACCATTC-4,1
ACTATTCAGACGTCCC-4,2
ACTATTCAGCACCTGC-4,1
ACTATTCAGCATTGAA-4,3
ACTATTCAGCGAATGC-4,0
ACTATTCAGGAACTCG-4,7
ACTATTCAGGGCGAAG-4,11
ACTATTCAGGTACAGC-4,1
ACTATTCAGGTCTACT-4,2
ACTATTCCAAGCCATT-4,0
ACTATTCCACATATGC-4,1
ACTATTCCACTATGTG-4,2
ACTATTCCAGACCTAT-4,2
ACTATTCCAGCTACTA-4,3
ACTATTCCATCCTATT-4,5
ACTATTCCATCTCCCA-4,5
ACTATTCCATGAAGGC-4,2
ACTATTCGTAGAATGT-4,1
ACTATTCGTATGCGTT-4,3
ACTATTCGTCAAGCCC-4,2
ACTATTCGTCACGCTG-4,4
ACTATTCGTCGTGCCA-4,3
ACTATTCGTGTCTAAC-4,1
ACTATTCGTTCCACGG-4,7
ACTATTCGTTCCGTTC-4,6
ACTATTCTCAATCCAG-4,2
ACTATTCTCACAAGAA-4,3
ACTATTCTCCGCACGA-4,3
ACTGTGAAGAAATTGC-4,1
ACTGTGAAGACGTCCC-4,5
ACTGTGAAGATCGCCC-4,2
ACTGTGAAGCAATTAG-4,0
ACTGTGAAGCACCTGC-4,1
ACTGTGAAGCACTCTA-4,2
ACTGTGAAGCCTCTGG-4,4
ACTGTGAAGGCCTAGA-4,3
ACTGTGAAGGGCGAAG-4,2
ACTGTGAAGGTCTACT-4,4
ACTGTGAAGGTTACAA-4,0
ACTGTGAAGTAGTCTC-4,8
ACTGTGAAGTGCGTCC-4,1
ACTGTGACAAACCATC-4,0
ACTGTGACACTTCAGA-4,9
ACTGTGACAGTGTGCC-4,3
ACTGTGACAGTTTCGA-4,2
ACTGTGACATGGCTAT-4,4
ACTGTGAGTAATGCTC-4,5
ACTGTGAGTAGAATGT-4,10
ACTGTGAGTAGCGTAG-4,10
ACTGTGAGTAGGTTTC-4,4
ACTGTGAGTAGTGTGG-4,1
ACTGTGAGTATGAGCG-4,2
ACTGTGAGTCACTCGG-4,0
ACTGTGAGTCCTTAAG-4,0
ACTGTGAGTCGTATGT-4,1
ACTGTGAGTGACGCCT-4,0
ACTGTGAGTGCACAAG-4,6
ACTGTGAGTGCCTTCT-4,2
ACTGTGAGTGCGGTAA-4,1
ACTGTGAGTGGCTTAT-4,1
ACTGTGAGTTCCACGG-4,5
ACTGTGAGTTGGACCC-4,1
ACTGTGAGTTGGAGGT-4,0
ACTGTGATCCAATCCC-4,1
ACTGTGATCCGCTTAC-4,0
ACTGTGATCCTTATCA-4,0
ACTGTGATCGCGGTAC-4,5
ACTGTGATCGTAGAGG-4,11
ACTGTGATCTAGTCAG-4,1
ACTGTGATCTCATAGG-4,0
ACTGTGATCTCTAGGA-4,1
ACTGTGATCTGCCCTA-4,6
ACTTTCAAGAAATTGC-4,0
ACTTTCAAGACGTCCC-4,10
ACTTTCAAGATACCAA-4,3
ACTTTCAAGATCGCCC-4,0
ACTTTCAAGCCTCTTC-4,3
ACTTTCAAGCTTGTTG-4,5
ACTTTCAAGGAACTCG-4,4
ACTTTCAAGGTACAGC-4,0
ACTTTCAAGTCTTGGT-4,8
ACTTTCACAAACCATC-4,5
ACTTTCACAACGCATT-4,5
ACTTTCACAAGAGTAT-4,1
ACTTTCACAAGTAGTA-4,1
ACTTTCACACAAATCC-4,3
ACTTTCACACACCGCA-4,13
ACTTTCACACTACCGG-4,5
ACTTTCACAGCAGTGA-4,5
ACTTTCACAGCTACTA-4,11
ACTTTCACAGTGTGCC-4,1
ACTTTCACATCCTATT-4,2
ACTTTCACATCCTTCG-4,4
ACTTTCACATGAAGGC-4,2
ACTTTCACATGTTCGA-4,1
ACTTTCAGTATAGGAT-4,2
ACTTTCAGTCACTCGG-4,1
ACTTTCAGTCCCGGTA-4,0
ACTTTCAGTCCTTAAG-4,3
ACTTTCAGTCGAATGG-4,10
ACTTTCAGTGGCTTAT-4,2
ACTTTCAGTGTCTAAC-4,1
ACTTTCAGTTCGAAGG-4,2
ACTTTCAGTTTGATCG-4,2
ACTTTCATCAAAGGTA-4,8
ACTTTCATCAATCCAG-4,4
ACTTTCATCAGGGATG-4,0
ACTTTCATCCATTGCC-4,1
ACTTTCATCCGCACGA-4,9
ACTTTCATCGTAGAGG-4,0
ACTTTCATCGTTCCTG-4,4
ACTTTCATCTCACTCG-4,3
ACTTTCATCTGAATCG-4,1
ACTTTCATCTGTGCGG-4,3
ACTTTCATCTTAGCCC-4,5
ACTTTCATCTTCCTAA-4,0
AGACACTAGATACCAA-4,3
AGACACTAGATGCTTC-4,1
AGACACTAGCGACATG-4,11
AGACACTAGCTTAAGA-4,7
AGACACTAGTAGGAAG-4,0
AGACACTAGTGGCCTC-4,2
AGACACTCAAATGCGG-4,3
AGACACTCAAGAGTAT-4,0
AGACACTCAAGTAGTA-4,0
AGACACTCAAGTCGTT-4,4
AGACACTCACCGTGAC-4,1
AGACACTCACTACGGC-4,8
AGACACTCAGTGTGCC-4,1
AGACACTCATATCTGG-4,6
AGACACTCATCCTATT-4,3
AGACACTCATCTCCCA-4,8
AGACACTCATGGCTAT-4,4
AGACACTCATTATGCG-4,1
AGACACTGTAACGCGA-4,5
AGACACTGTAACTTCG-4,0
AGACACTGTAATGCTC-4,1
AGACACTGTAGGTTTC-4,11
AGACACTGTATACCTG-4,1
AGACACTGTATAGGAT-4,3
AGACACTGTCAAGCCC-4,3
AGACACTGTCCCGTGA-4,11
AGACACTGTCGGTGTC-4,5
AGACACTGTCGTGCCA-4,4
AGACACTGTCTAGGTT-4,2
AGACACTGTGACAGGT-4,2
AGACACTGTGTCTAAC-4,0
AGACACTTCCATTGCC-4,1
AGACACTTCCCAAGCG-4,1
AGACACTTCCCGTTGT-4,1
AGACACTTCCTGCTAC-4,10
AGACACTTCGACGCGT-4,2
AGACACTTCGTCGGGT-4,0
AGACACTTCGTTTACT-4,2
AGACACTTCTCACTCG-4,4
AGACACTTCTTAGCCC-4,5
AGACACTTCTTCCTAA-4,3
AGGGAGTAGATACCAA-4,0
AGGGAGTAGCACCTGC-4,3
AGGGAGTAGCACTCTA-4,7
AGGGAGTAGCCTCTTC-4,1
AGGGAGTAGCGAATGC-4,0
AGGGAGTAGGAACTCG-4,1
AGGGAGTAGGCGTTAG-4,5
AGGGAGTAGGGCGAAG-4,1
AGGGAGTAGGTCTACT-4,4
AGGGAGTAGGTTGCCC-4,3
AGGGAGTAGGTTGGAC-4,4
AGGGAGTAGTAGGAAG-4,0
AGGGAGTAGTGCGTCC-4,3
AGGGAGTAGTGGCCTC-4,2
AGGGAGTCAAATGCGG-4,1
AGGGAGTCAACGCATT-4,3
AGGGAGTCACAAATCC-4,9
AGGGAGTCACACCGCA-4,2
AGGGAGTCACTAAACC-4,3
AGGGAGTCACTACGGC-4,2
AGGGAGTCATCAGTGT-4,0
AGGGAGTCATCCTATT-4,4
AGGGAGTCATCCTTCG-4,1
AGGGAGTCATCTCCCA-4,2
AGGGAGTGTAATGCTC-4,4
AGGGAGTGTATAGGAT-4,7
AGGGAGTGTCAAGCCC-4,2
AGGGAGTGTCAAGCGA-4,2
AGGGAGTGTCCACACG-4,5
AGGGAGTGTGACAGGT-4,0
AGGGAGTGTGACGCCT-4,2
AGGGAGTGTGCCTTCT-4,4
AGGGAGTGTTACACAC-4,3
AGGGAGTGTTCGAAGG-4,8
AGGGAGTGTTGGAGGT-4,5
AGGGAGTTCAAAGGTA-4,1
AGGGAGTTCCAATCCC-4,1
AGGGAGTTCCGCTTAC-4,5
AGGGAGTTCCTGCTAC-4,1
AGGGAGTTCGCCACTT-4,0
AGGGAGTTCGCCCAGA-4,5
AGGGAGTTCGCCTTGT-4,0
AGGGAGTTCGTTTACT-4,1
AGGGAGTTCTCATAGG-4,5
AGGGAGTTCTTAGCCC-4,0
AGGGTGAAGCAATTAG-4,4
AGGGTGAAGCAGCCCT-4,0
AGGGTGAAGCCTCTGG-4,3
AGGGTGAAGCGACATG-4,2
AGGGTGAAGGGCGAAG-4,1
AGGGTGAAGGTCTACT-4,6
AGGGTGAAGTCCCAAT-4,1
AGGGTGAAGTCTTGGT-4,5
AGGGTGACAAGAGTAT-4,1
AGGGTGACACCCTCTA-4,0
AGGGTGACACTATGTG-4,0
AGGGTGACATGGCTAT-4,1
AGGGTGAGTAATGCTC-4,4
AGGGTGAGTACTGAGG-4,0
AGGGTGAGTCACGCTG-4,1
AGGGTGAGTCTAGGTT-4,6
AGGGTGAGTGCGGTAA-4,4
AGGGTGAGTGTCTAAC-4,1
AGGGTGAGTTCCGTTC-4,4
AGGGTGAGTTCGAAGG-4,0
AGGGTGAGTTGGACCC-4,4
AGGGTGAGTTGGAGGT-4,5
AGGGTGATCCGAGAAG-4,5
AGGGTGATCCTTATCA-4,2
AGGGTGATCTCATAGG-4,3
AGGGTGATCTGGCTGG-4,3
AGGGTGATCTTAGCAG-4,2
AGTAACCAGACGTCCC-4,4
AGTAACCAGATCGCCC-4,6
AGTAACCAGATGCTTC-4,5
AGTAACCAGCACCTGC-4,5
AGTAACCAGCCTCTTC-4,3
AGTAACCAGCTGGTGA-4,0
AGTAACCAGGAACTCG-4,3
AGTAACCAGGATCACG-4,4
AGTAACCAGGCCTAGA-4,3
AGTAACCAGGGCGAAG-4,2
AGTAACCAGGTTGCCC-4,2
AGTAACCAGTAGTCTC-4,1
AGTAACCCAAGCCATT-4,6
AGTAACCCAATAGTAG-4,4
AGTAACCCACAAATCC-4,1
AGTAACCCACATATGC-4,0
AGTAACCCACTAAACC-4,8
AGTAACCCACTACACA-4,10
AGTAACCCAGCAGTGA-4,2
AGTAACCCATCAGTGT-4,5
AGTAACCCATGGCTAT-4,2
AGTAACCCATGTTCGA-4,0
AGTAACCGTAATGCTC-4,4
AGTAACCGTAGGTTTC-4,2
AGTAACCGTAGTGTGG-4,3
AGTAACCGTATACCTG-4,2
AGTAACCGTCAAGCCC-4,1
AGTAACCGTCCACACG-4,3
AGTAACCGTCGTGCCA-4,1
AGTAACCGTGCACAAG-4,4
AGTAACCGTGCCTTCT-4,4
AGTAACCGTTAAGCAA-4,2
AGTAACCGTTAAGTCC-4,0
AGTAACCGTTCCACGG-4,1
AGTAACCGTTGGACCC-4,2
AGTAACCTCATCGCTC-4,5
AGTAACCTCCCAACTC-4,3
AGTAACCTCGACGCGT-4,2
AGTAACCTCGCCACTT-4,4
AGTAACCTCGTTCCTG-4,7
AGTAACCTCTCATAGG-4,7
AGTAACCTCTCCGAGG-4,0
AGTAACCTCTGGCTGG-4,5
AGTAACCTCTTCCTAA-4,0
AGTAGTCAGACGTCCC-4,5
AGTAGTCAGACGTCGA-4,7
AGTAGTCAGCAATTAG-4,0
AGTAGTCAGCACCTGC-4,0
AGTAGTCAGCAGCCCT-4,2
AGTAGTCAGCCTCTTC-4,3
AGTAGTCAGGCTCAAG-4,1
AGTAGTCAGGGAGGTG-4,5
AGTAGTCAGGTTGCCC-4,1
AGTAGTCAGTGTTGAA-4,1
AGTAGTCCAAACCATC-4,7
AGTAGTCCAAGTCGTT-4,11
AGTAGTCCACAAATCC-4,3
AGTAGTCCACACCGCA-4,0
AGTAGTCCACATGAAA-4,3
AGTAGTCCACCCTCTA-4,9
AGTAGTCCACTACACA-4,0
AGTAGTCCACTATGTG-4,0
AGTAGTCCAGCAGTGA-4,1
AGTAGTCCAGCTGCCA-4,2
AGTAGTCCAGGTTCAT-4,3
AGTAGTCCAGTTTCGA-4,1
AGTAGTCCATCCTATT-4,1
AGTAGTCGTAATGCTC-4,3
AGTAGTCGTACTGAGG-4,6
AGTAGTCGTTAAGACA-4,5
AGTAGTCGTTCCACGG-4,4
AGTAGTCGTTCCGTTC-4,4
AGTAGTCGTTGGGATG-4,4
AGTAGTCGTTTGATCG-4,3
AGTAGTCTCAATCCAG-4,2
AGTAGTCTCACAAGAA-4,6
AGTAGTCTCCGCACGA-4,7
AGTAGTCTCCGCTTAC-4,5
AGTAGTCTCCGGACGT-4,2
AGTAGTCTCGACGCGT-4,4
AGTAGTCTCGCCACTT-4,8
AGTAGTCTCTCATAGG-4,5
AGTAGTCTCTCCAATT-4,5
AGTAGTCTCTCCGAGG-4,5
AGTAGTCTCTCTAGGA-4,0
AGTGACTAGACCATTC-4,0
AGTGACTAGATCGCCC-4,2
AGTGACTAGGGCGAAG-4,2
AGTGACTAGGTTACAA-4,8
AGTGACTAGTATAACG-4,3
AGTGACTAGTGCGTCC-4,7
AGTGACTAGTGTGTTC-4,0
AGTGACTCAACCAATC-4,1
AGTGACTCAAGCCATT-4,1
AGTGACTCACATATGC-4,1
AGTGACTCACTAAACC-4,2
AGTGACTCACTACCGG-4,11
AGTGACTCAGACCTAT-4,3
AGTGACTCATGAATAG-4,11
AGTGACTCATGGCTAT-4,1
AGTGACTCATTATGCG-4,4
AGTGACTGTAGTGTGG-4,3
AGTGACTGTATAGGAT-4,1
AGTGACTGTCCCGTGA-4,4
AGTGACTGTCGAATGG-4,0
AGTGACTGTGATTGGG-4,0
AGTGACTGTGCACAAG-4,4
AGTGACTGTTAAGACA-4,2
AGTGACTGTTCCGTTC-4,0
AGTGACTTCAAAGGTA-4,0
AGTGACTTCAAGAAAC-4,8
AGTGACTTCATGCCCT-4,1
AGTGACTTCCACGTAA-4,2
AGTGACTTCCCAACTC-4,1
AGTGACTTCGACGCGT-4,4
AGTGACTTCTAGTCAG-4,1
AGTGACTTCTCCGAGG-4,4
AGTGACTTCTCGAGTA-4,1
AGTGACTTCTGGCTGG-4,3
ATGAGTCAGATACCAA-4,7
ATGAGTCAGATCGCCC-4,3
ATGAGTCAGCTCTGTA-4,3
ATGAGTCAGGCCTAGA-4,0
ATGAGTCAGGCTCAAG-4,2
ATGAGTCAGGGAGGTG-4,0
ATGAGTCAGGTCTACT-4,1
ATGAGTCAGGTTACAA-4,1
ATGAGTCAGTCATCCA-4,5
ATGAGTCAGTGGCCTC-4,10
ATGAGTCCAAACCATC-4,0
ATGAGTCCAAGAGAGA-4,12
ATGAGTCCACAAATCC-4,1
ATGAGTCCACAGAGAC-4,0
ATGAGTCCACTACGGC-4,2
ATGAGTCCACTATGTG-4,3
ATGAGTCCACTTCAGA-4,11
ATGAGTCCAGCTGCCA-4,5
ATGAGTCCATCAGTGT-4,1
ATGAGTCCATCCTTCG-4,3
ATGAGTCCATGAAGGC-4,4
ATGAGTCGTACGGGAT-4,1
ATGAGTCGTAGTGTGG-4,6
ATGAGTCGTCCACACG-4,3
ATGAGTCGTCCCGGTA-4,6
ATGAGTCGTCGGTGTC-4,9
ATGAGTCGTCGTATGT-4,3
ATGAGTCGTGCCTTCT-4,4
ATGAGTCGTTGGAGGT-4,4
ATGAGTCGTTGGGATG-4,1
ATGAGTCTCACAAGAA-4,3
ATGAGTCTCCCAAGCG-4,5
ATGAGTCTCCGCACGA-4,3
ATGAGTCTCCGCTTAC-4,1
ATGAGTCTCTCATAGG-4,2
ATGAGTCTCTCCGAGG-4,2
ATGAGTCTCTCTAGGA-4,4
ATGAGTCTCTGCCCTA-4,5
ATGAGTCTCTTCCTAA-4,4
CACAGATAGCAGCCCT-4,8
CACAGATAGCCTCTGG-4,4
CACAGATAGCTCTGTA-4,4
CACAGATAGGTACAGC-4,1
CACAGATAGTGGCCTC-4,1
CACAGATCAATCTGCA-4,3
CACAGATCACGCGCAT-4,3
CACAGATCACTACACA-4,2
CACAGATCAGCTACTA-4,9
CACAGATCAGGGAATC-4,5
CACAGATCATATCTGG-4,3
CACAGATCATCAGTGT-4,2
CACAGATGTAACGCGA-4,0
CACAGATGTAACTTCG-4,12
CACAGATGTATGAGCG-4,4
CACAGATGTCACGCTG-4,1
CACAGATGTGCCTTCT-4,2
CACAGATGTGCGGTAA-4,4
CACAGATGTTAAGACA-4,3
CACAGATGTTAAGTCC-4,2
CACAGATGTTGGAGGT-4,5
CACAGATGTTTGATCG-4,0
CACAGATTCAAGAAAC-4,5
CACAGATTCAATCCAG-4,4
CACAGATTCATTTGGG-4,1
CACAGATTCCGGACGT-4,1
CACAGATTCCTACAAG-4,1
CACAGATTCCTGCTAC-4,0
CACAGATTCGCGGTAC-4,12
CACAGATTCGTTTACT-4,3
CACAGATTCTAGTCAG-4,0
CACAGATTCTCCAATT-4,0
CACAGATTCTCCGAGG-4,7
CACAGATTCTCGAGTA-4,4
CACAGATTCTCTAGGA-4,3
CACAGATTCTGAATCG-4,2
CACAGATTCTTAGCCC-4,0
CAGCAGCAGAAATTGC-4,4
CAGCAGCAGATACCAA-4,2
CAGCAGCAGATCGCCC-4,3
CAGCAGCAGCGAATGC-4,1
CAGCAGCAGCGACATG-4,7
CAGCAGCAGCTCTGTA-4,2
CAGCAGCAGGATCACG-4,0
CAGCAGCAGGCCTAGA-4,0
CAGCAGCAGGCGTTAG-4,4
CAGCAGCAGGGAGGTG-4,1
CAGCAGCAGTAATTGG-4,13
CAGCAGCAGTAGTCTC-4,2
CAGCAGCAGTATAACG-4,0
CAGCAGCAGTCATCCA-4,1
CAGCAGCAGTGGCCTC-4,0
CAGCAGCCAAACCATC-4,0
CAGCAGCCAAATGCGG-4,5
CAGCAGCCAACCAATC-4,4
CAGCAGCCAAGTCGTT-4,1
CAGCAGCCAATCTCGA-4,6
CAGCAGCCACTTCAGA-4,6
CAGCAGCCATGAAGGC-4,4
CAGCAGCCATGGCTAT-4,5
CAGCAGCCATGTTCGA-4,1
CAGCAGCGTAACGCGA-4,1
CAGCAGCGTAACTTCG-4,6
CAGCAGCGTAGGTTTC-4,4
CAGCAGCGTCAAGCCC-4,5
CAGCAGCGTCAAGCGA-4,2
CAGCAGCGTCACGCTG-4,1
CAGCAGCGTCACTCGG-4,0
CAGCAGCGTCCACACG-4,0
CAGCAGCGTCCCGTGA-4,2
CAGCAGCGTCCTTAAG-4,2
CAGCAGCGTGATTGGG-4,13
CAGCAGCGTGCCTTCT-4,3
CAGCAGCGTGGCTTAT-4,5
CAGCAGCGTGTCTAAC-4,2
CAGCAGCGTTAAGTCC-4,4
CAGCAGCGTTAGGAGC-4,8
CAGCAGCTCAATCCAG-4,5
CAGCAGCTCCCAACTC-4,2
CAGCAGCTCCGCACGA-4,0
CAGCAGCTCGAACGCC-4,1
CAGCAGCTCGACGCGT-4,0
CAGCAGCTCGTTCCTG-4,1
CAGCAGCTCTCCAATT-4,4
CAGCAGCTCTGAATCG-4,3
CAGCAGCTCTTAGCAG-4,5
CAGCGTGAGACGTCCC-4,3
CAGCGTGAGATACCAA-4,11
CAGCGTGAGATCACCT-4,4
CAGCGTGAGATCGCCC-4,2
CAGCGTGAGCAATTAG-4,3
CAGCGTGAGCGAATGC-4,5
CAGCGTGAGCGACATG-4,2
CAGCGTGAGCTGGTGA-4,0
CAGCGTGAGGAACTCG-4,1
CAGCGTGAGGCCTAGA-4,5
CAGCGTGAGGTTACAA-4,2
CAGCGTGAGTAATTGG-4,2
CAGCGTGAGTCTTGGT-4,7
CAGCGTGAGTGTGTTC-4,5
CAGCGTGAGTGTTGAA-4,2
CAGCGTGCAAATGCGG-4,4
CAGCGTGCAAGAGAGA-4,0
CAGCGTGCAAGTCGTT-4,5
CAGCGTGCAATCTCGA-4,4
CAGCGTGCACATGAAA-4,4
CAGCGTGCACTACGGC-4,1
CAGCGTGCAGCTACTA-4,1
CAGCGTGCAGTTTCGA-4,0
CAGCGTGGTATGAGCG-4,2
CAGCGTGGTCCACACG-4,1
CAGCGTGGTCGTATGT-4,0
CAGCGTGGTCTTCATT-4,3
CAGCGTGGTGCGGTAA-4,5
CAGCGTGGTTAAGTCC-4,1
CAGCGTGGTTACACAC-4,2
CAGCGTGGTTCCACGG-4,4
CAGCGTGTCAATCCAG-4,4
CAGCGTGTCACAAGAA-4,3
CAGCGTGTCCATTGCC-4,9
CAGCGTGTCCTACAAG-4,1
CAGCGTGTCGAACGCC-4,1
CAGCGTGTCTGGCTGG-4,12
CAGGCCAAGAGAGCGA-4,5
CAGGCCAAGAGAGCGG-4,5
CAGGCCAAGCACCTGC-4,2
CAGGCCAAGCTTAAGA-4,3
CAGGCCAAGGGAGGTG-4,0
CAGGCCAAGGTCTACT-4,1
CAGGCCAAGGTTGCCC-4,0
CAGGCCAAGTAGTCTC-4,1
CAGGCCAAGTCCCAAT-4,0
CAGGCCACAAACCATC-4,0
CAGGCCACAAATGCGG-4,2
CAGGCCACAACCAATC-4,5
CAGGCCACAAGAGAGA-4,1
CAGGCCACAAGCCATT-4,3
CAGGCCACAAGTAGTA-4,1
CAGGCCACAATCTGCA-4,2
CAGGCCACACAAATCC-4,1
CAGGCCACACATGAAA-4,5
CAGGCCACACCGTGAC-4,2
CAGGCCACACTATGTG-4,2
CAGGCCACATCCTTCG-4,8
CAGGCCACATGAAGGC-4,2
CAGGCCACATGTTCGA-4,0
CAGGCCAGTAACGCGA-4,5
CAGGCCAGTAACTTCG-4,4
CAGGCCAGTACTGAGG-4,4
CAGGCCAGTAGAATGT-4,2
CAGGCCAGTCAAGCCC-4,2
CAGGCCAGTCACGCTG-4,0
CAGGCCAGTCACTCGG-4,3
CAGGCCAGTTAAGACA-4,0
CAGGCCAGTTGGAGGT-4,5
CAGGCCATCAAGAAAC-4,7
CAGGCCATCACAAGAA-4,1
CAGGCCATCCCAAGCG-4,1
CAGGCCATCCGGACGT-4,10
CAGGCCATCCGTATGA-4,1
CAGGCCATCCTTCACG-4,5
CAGGCCATCGTCGGGT-4,3
CAGGCCATCTCGAGTA-4,4
CAGGCCATCTTAGCAG-4,2
CATACAGAGACCATTC-4,2
CATACAGAGATCACCT-4,3
CATACAGAGCAGCCCT-4,4
CATACAGAGCAGGTCA-4,5
CATACAGAGCGACATG-4,3
CATACAGAGCTTAAGA-4,3
CATACAGAGGCCTAGA-4,4
CATACAGAGGGCGAAG-4,0
CATACAGAGGTTACAA-4,0
CATACAGAGTAATTGG-4,3
CATACAGAGTGTTGAA-4,1
CATACAGCAACCAATC-4,5
CATACAGCAACGCATT-4,5
CATACAGCAAGAGAGA-4,0
CATACAGCAATTAGGA-4,1
CATACAGCACAGAGAC-4,0
CATACAGCACTAAACC-4,1
CATACAGCACTACACA-4,2
CATACAGCAGCTACTA-4,2
CATACAGCAGGTTCAT-4,3
CATACAGCAGTTTCGA-4,1
CATACAGCATCAGTGT-4,1
CATACAGCATCCTATT-4,0
CATACAGCATGAAGGC-4,4
CATACAGCATGGCTAT-4,3
CATACAGGTAACGCGA-4,10
CATACAGGTAACTTCG-4,4
CATACAGGTAGAATGT-4,1
CATACAGGTAGTGTGG-4,3
CATACAGGTATGCGTT-4,8
CATACAGGTCAAGCCC-4,11
CATACAGGTCACTCGG-4,4
CATACAGGTCGTATGT-4,1
CATACAGGTGATTGGG-4,2
CATACAGGTGTCTAAC-4,4
CATACAGGTTAAGTCC-4,8
CATACAGGTTGGAGGT-4,2
CATACAGTCAATCCAG-4,4
CATACAGTCATGCCCT-4,2
CATACAGTCATTTGGG-4,1
CATACAGTCCCAACTC-4,0
CATACAGTCCCAAGCG-4,3
CATACAGTCCGAGAAG-4,4
CATACAGTCCGGACGT-4,7
CATACAGTCGAACGCC-4,2
CATACAGTCGCCCAGA-4,5
CATACAGTCGCGGTAC-4,4
CCCTCTCAGACCAGAC-4,4
CCCTCTCAGCACCTGC-4,5
CCCTCTCAGCAGGTCA-4,2
CCCTCTCAGCATTGAA-4,0
CCCTCTCAGCCTCTTC-4,1
CCCTCTCAGCTCACTA-4,1
CCCTCTCAGCTCTGTA-4,0
CCCTCTCAGTAATTGG-4,4
CCCTCTCAGTCATCCA-4,9
CCCTCTCAGTGCGTCC-4,4
CCCTCTCAGTGGCCTC-4,2
CCCTCTCCAACGCATT-4,1
CCCTCTCCAATCTCGA-4,7
CCCTCTCCACCCTCTA-4,6
CCCTCTCCACGCGCAT-4,2
CCCTCTCCACTAAACC-4,2
CCCTCTCCACTACCGG-4,5
CCCTCTCCACTTCAGA-4,8
CCCTCTCCAGACCTAT-4,2
CCCTCTCCAGCTGCCA-4,4
CCCTCTCCAGGGAATC-4,4
CCCTCTCCAGGTTCAT-4,5
CCCTCTCCATGGCTAT-4,2
CCCTCTCGTACTGAGG-4,0
CCCTCTCGTATAGGAT-4,3
CCCTCTCGTCAAGCGA-4,0
CCCTCTCGTTAAGTCC-4,1
CCCTCTCGTTAGGAGC-4,0
CCCTCTCTCAAAGGTA-4,10
CCCTCTCTCAGGGATG-4,8
CCCTCTCTCCACGTAA-4,5
CCCTCTCTCCGCACGA-4,3
CCCTCTCTCCGTATGA-4,8
CCCTCTCTCCTACAAG-4,0
CCCTCTCTCCTGCTAC-4,5
CCCTCTCTCTGTGCGG-4,4
CGGCAGTAGATCGCCC-4,0
CGGCAGTAGGGCGAAG-4,0
CGGCAGTAGTAGGAAG-4,0
CGGCAGTAGTATAACG-4,1
CGGCAGTAGTCTTGGT-4,1
CGGCAGTCAACCAATC-4,7
CGGCAGTCAACGCATT-4,5
CGGCAGTCAAGAGAGA-4,10
CGGCAGTCAAGAGTAT-4,1
CGGCAGTCACTACACA-4,1
CGGCAGTCACTTCAGA-4,0
CGGCAGTCAGTGTGCC-4,1
CGGCAGTCAGTTTCGA-4,1
CGGCAGTCATATCTGG-4,3
CGGCAGTCATCAGTGT-4,11
CGGCAGTCATCCTTCG-4,3
CGGCAGTCATGAAGCG-4,4
CGGCAGTCATGAAGGC-4,2
CGGCAGTGTAATGCTC-4,2
CGGCAGTGTAGAATGT-4,5
CGGCAGTGTAGGTTTC-4,2
CGGCAGTGTCAAGCCC-4,3
CGGCAGTGTCCACACG-4,3
CGGCAGTGTCCCGGTA-4,5
CGGCAGTGTCGGTGTC-4,2
CGGCAGTGTCTTCATT-4,4
CGGCAGTGTGATTGGG-4,1
CGGCAGTGTGCGGTAA-4,11
CGGCAGTTCAAAGGTA-4,1
CGGCAGTTCACAAGAA-4,1
CGGCAGTTCCGCACGA-4,2
CGGCAGTTCCTGCTAC-4,2
CGGCAGTTCGTCGGGT-4,4
CGGCAGTTCTAGTCAG-4,3
CGGCAGTTCTCACTCG-4,7
CGGCAGTTCTGTGCGG-4,1
CGTCCATAGACCAGAC-4,2
CGTCCATAGACGTCGA-4,6
CGTCCATAGCAGGTCA-4,4
CGTCCATAGCCTCTGG-4,0
CGTCCATAGCGAATGC-4,3
CGTCCATAGCTTAAGA-4,5
CGTCCATAGGTTACAA-4,2
CGTCCATCAAACCATC-4,1
CGTCCATCAACCAATC-4,4
CGTCCATCAAGTAGTA-4,8
CGTCCATCAATAGTAG-4,11
CGTCCATCACCCTCTA-4,6
CGTCCATCACGCGCAT-4,3
CGTCCATCAGCAGTGA-4,3
CGTCCATCAGGTTCAT-4,0
CGTCCATCAGTTTCGA-4,3
CGTCCATCATCAGTGT-4,1
CGTCCATCATCCTTCG-4,2
CGTCCATCATCTCCCA-4,1
CGTCCATCATGAATAG-4,5
CGTCCATGTAACGCGA-4,4
CGTCCATGTAACTTCG-4,5
CGTCCATGTAATGCTC-4,4
CGTCCATGTACTGAGG-4,1
CGTCCATGTCTAGGTT-4,0
CGTCCATGTGACGCCT-4,3
CGTCCATGTTCCACGG-4,0
CGTCCATGTTCGGCTG-4,2
CGTCCATGTTTGATCG-4,4
CGTCCATTCAGGGATG-4,4
CGTCCATTCCAACTAG-4,2
CGTCCATTCCATTGCC-4,1
CGTCCATTCCGCTTAC-4,0
CGTCCATTCCGGACGT-4,2
CGTCCATTCCTACAAG-4,1
CGTCCATTCCTGCTAC-4,2
CGTCCATTCGACGCGT-4,4
CGTCCATTCGTTCCTG-4,3
CGTCCATTCTGGCTGG-4,3
CGTCCATTCTGTGCGG-4,1
GAGGGTAAGATCACCT-4,4
GAGGGTAAGCAGCCCT-4,5
GAGGGTAAGCTCACTA-4,3
GAGGGTAAGGCTCAAG-4,1
GAGGGTAAGGTCTACT-4,0
GAGGGTAAGTAGGAAG-4,0
GAGGGTAAGTAGTCTC-4,0
GAGGGTAAGTGCGTCC-4,2
GAGGGTAAGTGTGTTC-4,4
GAGGGTACAAACCATC-4,1
GAGGGTACACAGAGAC-4,4
GAGGGTACAGTGTGCC-4,1
GAGGGTACATATCTGG-4,4
GAGGGTACATGAAGCG-4,0
GAGGGTACATGAATAG-4,4
GAGGGTAGTAACGCGA-4,2
GAGGGTAGTAATGCTC-4,3
GAGGGTAGTACTGAGG-4,9
GAGGGTAGTAGTGTGG-4,4
GAGGGTAGTATACCTG-4,0
GAGGGTAGTCAAGCCC-4,5
GAGGGTAGTCACGCTG-4,0
GAGGGTAGTCCCGTGA-4,11
GAGGGTAGTGACAGGT-4,4
GAGGGTAGTGACGCCT-4,3
GAGGGTAGTTACACAC-4,1
GAGGGTAGTTCGGCTG-4,7
GAGGGTATCATGCCCT-4,8
GAGGGTATCCACGTAA-4,1
GAGGGTATCCCGTTGT-4,1
GAGGGTATCCGTATGA-4,0
GAGGGTATCCTTATCA-4,0
GAGGGTATCGAACGCC-4,4
GAGGGTATCGCCTTGT-4,0
GAGGGTATCGCGGTAC-4,5
GAGGGTATCTCCGAGG-4,3
GAGGGTATCTTAGCAG-4,1
GAGTTGTAGAAATTGC-4,1
GAGTTGTAGACGTCGA-4,0
GAGTTGTAGATACCAA-4,5
GAGTTGTAGATCACCT-4,4
GAGTTGTAGCAATTAG-4,2
GAGTTGTAGCGAATGC-4,3
GAGTTGTAGCTCACTA-4,2
GAGTTGTAGCTCTGTA-4,4
GAGTTGTAGCTTAAGA-4,1
GAGTTGTAGGCCTAGA-4,4
GAGTTGTAGGGAGGTG-4,4
GAGTTGTAGGGCGAAG-4,3
GAGTTGTAGGTACAGC-4,0
GAGTTGTAGGTCTACT-4,2
GAGTTGTAGGTTACAA-4,2
GAGTTGTAGTAATTGG-4,3
GAGTTGTAGTAGGAAG-4,1
GAGTTGTAGTGCGTCC-4,1
GAGTTGTAGTGGCCTC-4,1
GAGTTGTAGTGTTGAA-4,7
GAGTTGTCAACGCATT-4,8
GAGTTGTCAAGAGTAT-4,2
GAGTTGTCAAGTCGTT-4,4
GAGTTGTCAATCTGCA-4,1
GAGTTGTCACATATGC-4,2
GAGTTGTCACTACACA-4,0
GAGTTGTCACTTCAGA-4,0
GAGTTGTCAGGTTCAT-4,8
GAGTTGTCATCTCCCA-4,2
GAGTTGTCATGGCTAT-4,11
GAGTTGTCATTATGCG-4,4
GAGTTGTGTACTGAGG-4,8
GAGTTGTGTCACGCTG-4,1
GAGTTGTGTCACTCGG-4,6
GAGTTGTGTCGTATGT-4,0
GAGTTGTGTCTTCATT-4,1
GAGTTGTGTGACAGGT-4,1
GAGTTGTGTGATTGGG-4,0
GAGTTGTGTGGCTTAT-4,4
GAGTTGTGTTACACAC-4,1
GAGTTGTGTTAGGAGC-4,7
GAGTTGTTCAATCCAG-4,5
GAGTTGTTCCACGTAA-4,8
GAGTTGTTCCGAGAAG-4,5
GAGTTGTTCGCGGTAC-4,3
GAGTTGTTCTCGAGTA-4,0
GCGTTTCAGACCATTC-4,3
GCGTTTCAGACGTCCC-4,4
GCGTTTCAGACGTCGA-4,4
GCGTTTCAGAGAGCGA-4,8
GCGTTTCAGAGAGCGG-4,8
GCGTTTCAGATCACCT-4,10
GCGTTTCAGATGCTTC-4,4
GCGTTTCAGCACTCTA-4,6
GCGTTTCAGCGAATGC-4,3
GCGTTTCAGCGACATG-4,7
GCGTTTCAGCTTAAGA-4,0
GCGTTTCAGGATCACG-4,3
GCGTTTCAGGTACAGC-4,4
GCGTTTCAGGTTGCCC-4,1
GCGTTTCAGTAATTGG-4,0
GCGTTTCAGTAGTCTC-4,3
GCGTTTCCAAACCATC-4,5
GCGTTTCCAATCAAGA-4,4
GCGTTTCCACCAGCGT-4,1
GCGTTTCCACTAAACC-4,3
GCGTTTCCATCAGTGT-4,5
GCGTTTCCATCCTATT-4,3
GCGTTTCCATGAATAG-4,4
GCGTTTCGTAACGCGA-4,5
GCGTTTCGTAACTTCG-4,2
GCGTTTCGTCAAGCCC-4,2
GCGTTTCGTCGGTGTC-4,0
GCGTTTCGTTCGAAGG-4,0
GCGTTTCGTTGGGATG-4,4
GCGTTTCTCAAAGGTA-4,0
GCGTTTCTCATTTGGG-4,4
GCGTTTCTCCACGTAA-4,2
GCGTTTCTCCCAACTC-4,7
GCGTTTCTCCCGTTGT-4,11
GCGTTTCTCCGCTTAC-4,4
GCGTTTCTCCTACAAG-4,5
GCGTTTCTCGTCGGGT-4,0
GCGTTTCTCGTTTACT-4,5
GCGTTTCTCTCCAATT-4,5
GCGTTTCTCTCCGAGG-4,2
GCGTTTCTCTGAATCG-4,5
GCGTTTCTCTGCCCTA-4,1
GCGTTTCTCTTCCTAA-4,11
GGTAACTAGACGTCGA-4,5
GGTAACTAGCAATTAG-4,0
GGTAACTAGCATTGAA-4,6
GGTAACTAGCCTCTTC-4,4
GGTAACTAGCGAATGC-4,11
GGTAACTAGCGACATG-4,5
GGTAACTAGGGAGGTG-4,6
GGTAACTAGGTACAGC-4,0
GGTAACTAGGTCTACT-4,4
GGTAACTAGTAATTGG-4,1
GGTAACTAGTCCCAAT-4,3
GGTAACTAGTGTGTTC-4,0
GGTAACTCAAATGCGG-4,4
GGTAACTCAATTAGGA-4,0
GGTAACTCACAAATCC-4,5
GGTAACTCACACCGCA-4,0
GGTAACTCACATATGC-4,5
GGTAACTCACCAGCGT-4,3
GGTAACTCACCCTCTA-4,2
GGTAACTCACTACACA-4,3
GGTAACTCACTATGTG-4,3
GGTAACTCACTTCAGA-4,0
GGTAACTCAGCTACTA-4,3
GGTAACTCATCAGTGT-4,3
GGTAACTCATCTCCCA-4,3
GGTAACTGTAACGCGA-4,3
GGTAACTGTCAAGCCC-4,0
GGTAACTGTCACGCTG-4,8
GGTAACTGTGACAGGT-4,0
GGTAACTGTTAAGCAA-4,8
GGTAACTGTTACACAC-4,1
GGTAACTGTTGGACCC-4,3
GGTAACTGTTGGAGGT-4,0
GGTAACTGTTGGGATG-4,1
GGTAACTTCCAACTAG-4,4
GGTAACTTCCATTGCC-4,10
GGTAACTTCCGAGAAG-4,4
GGTAACTTCCTACAAG-4,3
GGTAACTTCGAACGCC-4,0
GGTAACTTCGCCCAGA-4,2
GGTAACTTCTCTAGGA-4,1
GGTAACTTCTTAGCCC-4,2
GGTAATCAGCCTCTGG-4,6
GGTAATCAGCGACATG-4,2
GGTAATCAGCTCTGTA-4,5
GGTAATCAGCTTAAGA-4,5
GGTAATCAGGCTCAAG-4,5
GGTAATCAGGGAGGTG-4,5
GGTAATCAGGTACAGC-4,1
GGTAATCAGGTTACAA-4,3
GGTAATCAGTAGGAAG-4,5
GGTAATCAGTGTTGAA-4,4
GGTAATCCAAATGCGG-4,10
GGTAATCCAATAGTAG-4,2
GGTAATCCACAAATCC-4,0
GGTAATCCACTAAACC-4,7
GGTAATCCAGACCTAT-4,0
GGTAATCCAGTGTGCC-4,4
GGTAATCCATATCTGG-4,7
GGTAATCCATCCTTCG-4,0
GGTAATCCATCTCCCA-4,4
GGTAATCCATGAAGCG-4,1
GGTAATCCATGGCTAT-4,0
GGTAATCGTAACTTCG-4,4
GGTAATCGTAATGCTC-4,8
GGTAATCGTACTGAGG-4,7
GGTAATCGTAGAATGT-4,1
GGTAATCGTAGGTTTC-4,1
GGTAATCGTATACCTG-4,1
GGTAATCGTATGCGTT-4,5
GGTAATCGTCAAGCGA-4,1
GGTAATCGTCGAATGG-4,0
GGTAATCGTGGCTTAT-4,1
GGTAATCGTGTCTAAC-4,3
GGTAATCTCATCGCTC-4,1
GGTAATCTCATTTGGG-4,2
GGTAATCTCCTGCTAC-4,6
GGTAATCTCCTTATCA-4,1
GGTAATCTCGTTTACT-4,8
GGTAATCTCTGTGCGG-4,2
GGTAATCTCTTCCTAA-4,6
GTCAAGTAGAAATTGC-4,4
GTCAAGTAGCACTCTA-4,0
GTCAAGTAGGAACTCG-4,7
GTCAAGTAGGGCGAAG-4,1
GTCAAGTAGGTCTACT-4,5
GTCAAGTAGGTTGGAC-4,0
GTCAAGTAGTAGTCTC-4,2
GTCAAGTCAACGCATT-4,4
GTCAAGTCAATCTCGA-4,2
GTCAAGTCACCCTCTA-4,4
GTCAAGTCACGCGCAT-4,5
GTCAAGTCACTATGTG-4,4
GTCAAGTCACTTCAGA-4,1
GTCAAGTCAGCTACTA-4,4
GTCAAGTCAGCTGCCA-4,0
GTCAAGTCAGTTTCGA-4,0
GTCAAGTCATCCTATT-4,3
GTCAAGTCATGAAGGC-4,3
GTCAAGTCATGTTCGA-4,2
GTCAAGTGTAACTTCG-4,3
GTCAAGTGTAATGCTC-4,3
GTCAAGTGTACGGGAT-4,1
GTCAAGTGTACTGAGG-4,10
GTCAAGTGTCACGCTG-4,1
GTCAAGTGTCCCGTGA-4,2
GTCAAGTGTCGAATGG-4,3
GTCAAGTGTGGCTTAT-4,1
GTCAAGTGTTAAGACA-4,4
GTCAAGTGTTCGAAGG-4,5
GTCAAGTTCAAGAAAC-4,5
GTCAAGTTCATTTGGG-4,1
GTCAAGTTCCAATCCC-4,3
GTCAAGTTCCATTGCC-4,2
GTCAAGTTCCCGTTGT-4,4
GTCAAGTTCCGCACGA-4,2
GTCAAGTTCCGGACGT-4,1
GTCAAGTTCGACGCGT-4,1
GTCAAGTTCGCGGTAC-4,2
GTCAAGTTCGTCGGGT-4,0
GTCAAGTTCGTTTACT-4,0
GTCAAGTTCTCATAGG-4,2
GTCAAGTTCTCCAATT-4,9
GTCAAGTTCTCTAGGA-4,4
GTCAAGTTCTGGCTGG-4,0
GTCAAGTTCTGTGCGG-4,0
GTCAAGTTCTTAGCCC-4,1
GTGAGCCAGACGTCCC-4,1
GTGAGCCAGATACCAA-4,3
GTGAGCCAGCTCACTA-4,2
GTGAGCCAGCTCTGTA-4,2
GTGAGCCAGCTGGTGA-4,2
GTGAGCCAGGGAGGTG-4,1
GTGAGCCCAACCAATC-4,0
GTGAGCCCAAGAGTAT-4,3
GTGAGCCCAATCTGCA-4,1
GTGAGCCCACATATGC-4,3
GTGAGCCCACGCGCAT-4,0
GTGAGCCCACTACACA-4,2
GTGAGCCCACTACCGG-4,4
GTGAGCCCAGACCTAT-4,4
GTGAGCCCAGTGTGCC-4,2
GTGAGCCCATATCTGG-4,3
GTGAGCCCATGTTCGA-4,5
GTGAGCCCATTATGCG-4,0
GTGAGCCGTCAAGCCC-4,5
GTGAGCCGTCAAGCGA-4,1
GTGAGCCGTCGGTGTC-4,2
GTGAGCCGTGACGCCT-4,6
GTGAGCCGTGCCTTCT-4,0
GTGAGCCGTGCGGTAA-4,5
GTGAGCCGTGTCTAAC-4,1
GTGAGCCGTTAAGCAA-4,1
GTGAGCCTCCACGTAA-4,0
GTGAGCCTCCATTGCC-4,3
GTGAGCCTCCCGTTGT-4,1
GTGAGCCTCCTTCACG-4,4
GTGAGCCTCGTAGAGG-4,3
GTGAGCCTCTCACTCG-4,8
GTGAGCCTCTCATAGG-4,0
GTGAGCCTCTGAATCG-4,4
GTGGAGAAGAAATTGC-4,10
GTGGAGAAGACCAGAC-4,5
GTGGAGAAGACCATTC-4,4
GTGGAGAAGCATTGAA-4,0
GTGGAGAAGCGAATGC-4,5
GTGGAGAAGCGACATG-4,5
GTGGAGAAGCTCACTA-4,6
GTGGAGAAGTCCCAAT-4,10
GTGGAGACAAATGCGG-4,4
GTGGAGACAACGCATT-4,1
GTGGAGACAAGTCGTT-4,7
GTGGAGACAATCAAGA-4,3
GTGGAGACAATCTGCA-4,4
GTGGAGACACATGAAA-4,4
GTGGAGACACCCTCTA-4,2
GTGGAGACACGCGCAT-4,0
GTGGAGACACTAAACC-4,1
GTGGAGACACTACGGC-4,3
GTGGAGACACTTCAGA-4,2
GTGGAGACAGACCTAT-4,4
GTGGAGACATTATGCG-4,3
GTGGAGAGTACTGAGG-4,4
GTGGAGAGTAGCGTAG-4,1
GTGGAGAGTCCTTAAG-4,0
GTGGAGAGTGTCTAAC-4,4
GTGGAGAGTTGGGATG-4,1
GTGGAGAGTTTGATCG-4,9
GTGGAGATCAAGAAAC-4,6
GTGGAGATCATTTGGG-4,3
GTGGAGATCCACGTAA-4,2
GTGGAGATCCGGACGT-4,1
GTGGAGATCGCGGTAC-4,1
GTGGAGATCTCACTCG-4,3
GTGGAGATCTCCGAGG-4,9
GTGGAGATCTCGAGTA-4,2
GTGGAGATCTTAGCCC-4,2
GTGTGGCAGACGTCCC-4,2
GTGTGGCAGATCACCT-4,9
GTGTGGCAGATGCTTC-4,2
GTGTGGCAGCAGCCCT-4,3
GTGTGGCAGCATTGAA-4,7
GTGTGGCAGCGACATG-4,1
GTGTGGCAGCTGGTGA-4,4
GTGTGGCAGCTTGTTG-4,4
GTGTGGCAGTAATTGG-4,3
GTGTGGCAGTCATCCA-4,10
GTGTGGCAGTGGCCTC-4,4
GTGTGGCAGTGTGTTC-4,4
GTGTGGCCAAATGCGG-4,5
GTGTGGCCAACCAATC-4,0
GTGTGGCCAAGAGAGA-4,4
GTGTGGCCAAGCCATT-4,2
GTGTGGCCAATCAAGA-4,1
GTGTGGCCACATATGC-4,2
GTGTGGCCACATGAAA-4,6
GTGTGGCCACCGTGAC-4,4
GTGTGGCCACTACCGG-4,1
GTGTGGCCACTTCAGA-4,4
GTGTGGCCAGGTTCAT-4,2
GTGTGGCGTAGCGTAG-4,3
GTGTGGCGTAGTGTGG-4,9
GTGTGGCGTATACCTG-4,3
GTGTGGCGTATAGGAT-4,2
GTGTGGCGTCCTTAAG-4,1
GTGTGGCGTCGGTGTC-4,0
GTGTGGCGTCGTATGT-4,4
GTGTGGCGTGCCTTCT-4,3
GTGTGGCGTTACACAC-4,2
GTGTGGCGTTTGATCG-4,2
GTGTGGCTCATGCCCT-4,5
GTGTGGCTCATTTGGG-4,4
GTGTGGCTCCACGTAA-4,12
GTGTGGCTCCCAACTC-4,3
GTGTGGCTCCCAAGCG-4,3
GTGTGGCTCCGCTTAC-4,3
GTGTGGCTCCGGACGT-4,3
GTGTGGCTCCTGCTAC-4,1
GTGTGGCTCCTTCACG-4,4
GTGTGGCTCGCCCAGA-4,2
GTGTGGCTCGTAGAGG-4,7
GTGTGGCTCGTCGGGT-4,4
GTGTGGCTCGTTCCTG-4,12
GTGTGGCTCGTTTACT-4,4
GTGTGGCTCTCCGAGG-4,2
GTGTGGCTCTCTAGGA-4,0
GTGTGGCTCTGTGCGG-4,2
GTGTGGCTCTTAGCCC-4,4
GTGTGGCTCTTCCTAA-4,3
TAACACGAGACCAGAC-4,2
TAACACGAGACGTCGA-4,4
TAACACGAGATGCTTC-4,3
TAACACGAGCAGGTCA-4,0
TAACACGAGCGAATGC-4,2
TAACACGAGGCCTAGA-4,4
TAACACGAGGCGTTAG-4,7
TAACACGAGGTCTACT-4,3
TAACACGAGGTTACAA-4,4
TAACACGAGTCCCAAT-4,0
TAACACGAGTGCGTCC-4,5
TAACACGAGTGTGTTC-4,0
TAACACGCAAACCATC-4,0
TAACACGCAAATGCGG-4,1
TAACACGCAACCAATC-4,2
TAACACGCAACGCATT-4,0
TAACACGCAAGAGTAT-4,3
TAACACGCACTACGGC-4,5
TAACACGCAGCTGCCA-4,8
TAACACGCAGTGTGCC-4,5
TAACACGCATCAGTGT-4,4
TAACACGCATCTCCCA-4,2
TAACACGGTACTGAGG-4,1
TAACACGGTCCTTAAG-4,2
TAACACGGTCGAATGG-4,0
TAACACGGTCGGTGTC-4,4
TAACACGGTCGTGCCA-4,4
TAACACGGTCTAGGTT-4,10
TAACACGGTGCCTTCT-4,2
TAACACGGTGGCTTAT-4,4
TAACACGGTTGGACCC-4,0
TAACACGGTTGGAGGT-4,1
TAACACGTCAATCCAG-4,3
TAACACGTCCATTGCC-4,1
TAACACGTCGCCACTT-4,9
TAACACGTCGTTCCTG-4,2
TAACACGTCGTTTACT-4,2
TAACACGTCTCTAGGA-4,1
TAACACGTCTGTGCGG-4,2
TAGGAGGAGAAATTGC-4,6
TAGGAGGAGACCAGAC-4,1
TAGGAGGAGACCATTC-4,0
TAGGAGGAGATACCAA-4,1
TAGGAGGAGATCACCT-4,4
TAGGAGGAGCCTCTTC-4,1
TAGGAGGAGCTCTGTA-4,7
TAGGAGGAGCTTAAGA-4,1
TAGGAGGAGGTTACAA-4,9
TAGGAGGAGTAGGAAG-4,1
TAGGAGGAGTCTTGGT-4,1
TAGGAGGCAAGAGAGA-4,4
TAGGAGGCAAGTCGTT-4,1
TAGGAGGCAATCTGCA-4,0
TAGGAGGCACACCGCA-4,6
TAGGAGGCACAGAGAC-4,11
TAGGAGGCACGCGCAT-4,5
TAGGAGGCACTTCAGA-4,2
TAGGAGGCAGGGAATC-4,1
TAGGAGGCATCCTTCG-4,1
TAGGAGGGTAACGCGA-4,5
TAGGAGGGTAGAATGT-4,3
TAGGAGGGTATGAGCG-4,2
TAGGAGGGTGACAGGT-4,0
TAGGAGGGTGATTGGG-4,11
TAGGAGGGTTACACAC-4,11
TAGGAGGGTTTGATCG-4,0
TAGGAGGTCGAACGCC-4,1
TAGGAGGTCGCCTTGT-4,3
TAGGAGGTCGCGGTAC-4,2
TAGGAGGTCGTAGAGG-4,3
TAGGAGGTCTCATAGG-4,0
TAGGAGGTCTGCCCTA-4,2
TAGGAGGTCTGGCTGG-4,0
TAGGAGGTCTTAGCAG-4,3
TATTGCTAGACGTCGA-4,0
TATTGCTAGATACCAA-4,0
TATTGCTAGATGCTTC-4,0
TATTGCTAGCAATTAG-4,2
TATTGCTAGCGAATGC-4,2
TATTGCTAGTAATTGG-4,0
TATTGCTCAAGTAGTA-4,9
TATTGCTCACACCGCA-4,3
TATTGCTCACATGAAA-4,5
TATTGCTCACTATGTG-4,12
TATTGCTCACTTCAGA-4,7
TATTGCTCAGCAGTGA-4,2
TATTGCTCAGTGTGCC-4,3
TATTGCTCATATCTGG-4,11
TATTGCTCATCAGTGT-4,2
TATTGCTCATCTCCCA-4,1
TATTGCTGTAACGCGA-4,1
TATTGCTGTAACTTCG-4,1
TATTGCTGTACTGAGG-4,0
TATTGCTGTAGAATGT-4,0
TATTGCTGTATACCTG-4,1
TATTGCTGTCAAGCCC-4,2
TATTGCTGTCACTCGG-4,3
TATTGCTGTCGGTGTC-4,1
TATTGCTGTGCGGTAA-4,5
TATTGCTGTGTCTAAC-4,2
TATTGCTGTTAAGTCC-4,1
TATTGCTGTTGGGATG-4,4
TATTGCTTCAAAGGTA-4,1
TATTGCTTCATCGCTC-4,1
TATTGCTTCATGCCCT-4,2
TATTGCTTCCAATCCC-4,2
TATTGCTTCCGTATGA-4,5
TATTGCTTCGCCACTT-4,2
TATTGCTTCGCCCAGA-4,1
TATTGCTTCGCGGTAC-4,4
TATTGCTTCTCGAGTA-4,13
TCACGCTAGATACCAA-4,0
TCACGCTAGCTGGTGA-4,1
TCACGCTAGGTTACAA-4,9
TCACGCTAGGTTGGAC-4,5
TCACGCTAGTAGGAAG-4,1
TCACGCTAGTAGTCTC-4,1
TCACGCTAGTATAACG-4,4
TCACGCTAGTGTTGAA-4,4
TCACGCTCAAACCATC-4,1
TCACGCTCAACCAATC-4,2
TCACGCTCAACGCATT-4,2
TCACGCTCAATTAGGA-4,3
TCACGCTCACAGAGAC-4,1
TCACGCTCACCAGCGT-4,2
TCACGCTCACCGTGAC-4,5
TCACGCTCACTACGGC-4,0
TCACGCTCACTATGTG-4,2
TCACGCTCAGCTACTA-4,2
TCACGCTCAGTTTCGA-4,4
TCACGCTCATCAGTGT-4,8
TCACGCTCATGTTCGA-4,4
TCACGCTGTAGGTTTC-4,8
TCACGCTGTATACCTG-4,3
TCACGCTGTCAAGCCC-4,0
TCACGCTGTCACTCGG-4,4
TCACGCTGTCCCGTGA-4,3
TCACGCTGTCTAGGTT-4,0
TCACGCTGTGACGCCT-4,7
TCACGCTGTGCGGTAA-4,2
TCACGCTGTGGCTTAT-4,2
TCACGCTGTGTCTAAC-4,1
TCACGCTGTTAAGTCC-4,4
TCACGCTGTTAGGAGC-4,1
TCACGCTGTTCGAAGG-4,1
TCACGCTGTTGGAGGT-4,2
TCACGCTGTTGGGATG-4,3
TCACGCTGTTTGATCG-4,1
TCACGCTTCAATCCAG-4,0
TCACGCTTCATTTGGG-4,2
TCACGCTTCCCAACTC-4,0
TCACGCTTCGCCACTT-4,2
TCACGCTTCGCCCAGA-4,2
TCACGCTTCGTAGAGG-4,4
TCACGCTTCGTTCCTG-4,3
TCACGCTTCTCCGAGG-4,5
TCCAGAAAGACGTCCC-4,0
TCCAGAAAGATGCTTC-4,7
TCCAGAAAGCACTCTA-4,0
TCCAGAAAGGATCACG-4,2
TCCAGAAAGGCGTTAG-4,1
TCCAGAAAGGGCGAAG-4,1
TCCAGAAAGGTCTACT-4,5
TCCAGAAAGGTTGCCC-4,1
TCCAGAAAGTAATTGG-4,3
TCCAGAAAGTCTTGGT-4,1
TCCAGAAAGTGGCCTC-4,4
TCCAGAACAATCTGCA-4,3
TCCAGAACACACCGCA-4,3
TCCAGAACACCCTCTA-4,9
TCCAGAACACCGTGAC-4,5
TCCAGAACACTACGGC-4,1
TCCAGAACAGACCTAT-4,0
TCCAGAACATATCTGG-4,0
TCCAGAACATCCTTCG-4,3
TCCAGAACATGAATAG-4,3
TCCAGAAGTAACTTCG-4,0
TCCAGAAGTAATGCTC-4,2
TCCAGAAGTAGGTTTC-4,3
TCCAGAAGTATACCTG-4,3
TCCAGAAGTATAGGAT-4,4
TCCAGAAGTCAAGCGA-4,1
TCCAGAAGTCCACACG-4,4
TCCAGAAGTCCTTAAG-4,11
TCCAGAAGTCTTCATT-4,1
TCCAGAAGTGATTGGG-4,1
TCCAGAAGTGCCTTCT-4,11
TCCAGAAGTGTCTAAC-4,5
TCCAGAAGTTCGGCTG-4,1
TCCAGAAGTTTGATCG-4,2
TCCAGAATCACAAGAA-4,1
TCCAGAATCAGGGATG-4,2
TCCAGAATCCAACTAG-4,2
TCCAGAATCCACGTAA-4,0
TCCAGAATCCCAACTC-4,4
TCCAGAATCCCGTTGT-4,7
TCCAGAATCGCCACTT-4,1
TCCAGAATCGTAGAGG-4,10
TCCAGAATCTCATAGG-4,0
TCCAGAATCTTAGCAG-4,4
TCGAAGTAGACCAGAC-4,1
TCGAAGTAGACGTCGA-4,1
TCGAAGTAGCAATTAG-4,5
TCGAAGTAGCGAATGC-4,6
TCGAAGTAGCTTGTTG-4,5
TCGAAGTAGGCGTTAG-4,0
TCGAAGTAGGTACAGC-4,4
TCGAAGTAGGTTGGAC-4,1
TCGAAGTAGTCCCAAT-4,4
TCGAAGTAGTGGCCTC-4,1
TCGAAGTCAATTAGGA-4,8
TCGAAGTCACAAATCC-4,1
TCGAAGTCACTAAACC-4,8
TCGAAGTCACTACACA-4,1
TCGAAGTCAGACCTAT-4,1
TCGAAGTCAGGTTCAT-4,2
TCGAAGTCATCCTATT-4,1
TCGAAGTGTAATGCTC-4,1
TCGAAGTGTACTGAGG-4,3
TCGAAGTGTATGAGCG-4,3
TCGAAGTGTCAAGCGA-4,11
TCGAAGTGTCGGTGTC-4,9
TCGAAGTGTCGTATGT-4,0
TCGAAGTGTGACAGGT-4,2
TCGAAGTGTGCACAAG-4,0
TCGAAGTGTGTCTAAC-4,2
TCGAAGTGTTACACAC-4,2
TCGAAGTGTTTGATCG-4,5
TCGAAGTTCATGCCCT-4,2
TCGAAGTTCATTTGGG-4,2
TCGAAGTTCCACGTAA-4,3
TCGAAGTTCCGTATGA-4,2
TCGAAGTTCGCCCAGA-4,12
TCGAAGTTCGCCTTGT-4,13
TCGAAGTTCTTAGCAG-4,1
TCGCTCAAGACCATTC-4,0
TCGCTCAAGCACCTGC-4,3
TCGCTCAAGCAGCCCT-4,5
TCGCTCAAGCCTCTGG-4,4
TCGCTCAAGCTGGTGA-4,1
TCGCTCAAGTATAACG-4,0
TCGCTCAAGTGGCCTC-4,1
TCGCTCACAAATGCGG-4,1
TCGCTCACAACCAATC-4,2
TCGCTCACAATCTGCA-4,1
TCGCTCACACAGAGAC-4,3
TCGCTCACACCGTGAC-4,4
TCGCTCACACGCGCAT-4,2
TCGCTCACATATCTGG-4,0
TCGCTCACATCAGTGT-4,5
TCGCTCACATGGCTAT-4,3
TCGCTCAGTAACTTCG-4,4
TCGCTCAGTAGCGTAG-4,0
TCGCTCAGTATAGGAT-4,3
TCGCTCAGTATGAGCG-4,5
TCGCTCAGTTACACAC-4,3
TCGCTCAGTTGGACCC-4,2
TCGCTCAGTTGGAGGT-4,2
TCGCTCATCAAGAAAC-4,5
TCGCTCATCAGGGATG-4,1
TCGCTCATCATTTGGG-4,1
TCGCTCATCTCCGAGG-4,6
TCGCTCATCTTAGCCC-4,3
TCGCTCATCTTCCTAA-4,1
TGCTCGTAGACGTCCC-4,1
TGCTCGTAGCAGCCCT-4,1
TGCTCGTAGCCTCTTC-4,2
TGCTCGTAGCGAATGC-4,0
TGCTCGTAGCTCACTA-4,9
TGCTCGTAGCTTAAGA-4,4
TGCTCGTAGGATCACG-4,0
TGCTCGTAGGCCTAGA-4,3
TGCTCGTAGGCGTTAG-4,1
TGCTCGTAGGGAGGTG-4,2
TGCTCGTAGGGCGAAG-4,4
TGCTCGTAGTAATTGG-4,3
TGCTCGTAGTGTGTTC-4,0
TGCTCGTCAAACCATC-4,5
TGCTCGTCAAGTAGTA-4,0
TGCTCGTCAAGTCGTT-4,7
TGCTCGTCAATAGTAG-4,0
TGCTCGTCAATCAAGA-4,2
TGCTCGTCAATTAGGA-4,0
TGCTCGTCACTACCGG-4,2
TGCTCGTCACTATGTG-4,11
TGCTCGTCATCCTATT-4,5
TGCTCGTCATCCTTCG-4,0
TGCTCGTCATGGCTAT-4,3
TGCTCGTGTAACGCGA-4,3
TGCTCGTGTCAAGCGA-4,12
TGCTCGTGTCCACACG-4,4
TGCTCGTGTCCCGGTA-4,0
TGCTCGTGTCCCGTGA-4,3
TGCTCGTGTCGAATGG-4,3
TGCTCGTGTGCACAAG-4,1
TGCTCGTGTTAAGCAA-4,5
TGCTCGTGTTAAGTCC-4,7
TGCTCGTGTTAGGAGC-4,2
TGCTCGTGTTCCACGG-4,0
TGCTCGTTCCATTGCC-4,0
TGCTCGTTCGAACGCC-4,1
TGCTCGTTCGCCTTGT-4,3
TGCTCGTTCGTTCCTG-4,3
TGCTCGTTCGTTTACT-4,11
TGCTCGTTCTAGTCAG-4,4
TGGTACAAGATGCTTC-4,2
TGGTACAAGCAGCCCT-4,5
TGGTACAAGCCTCTTC-4,0
TGGTACAAGCTCACTA-4,2
TGGTACAAGCTTGTTG-4,5
TGGTACAAGTAATTGG-4,2
TGGTACAAGTAGTCTC-4,5
TGGTACAAGTGGCCTC-4,4
TGGTACACAAACCATC-4,3
TGGTACACAAGTAGTA-4,1
TGGTACACACAGAGAC-4,3
TGGTACACACGCGCAT-4,4
TGGTACACAGACCTAT-4,2
TGGTACACATCAGTGT-4,5
TGGTACACATGAATAG-4,3
TGGTACACATGTTCGA-4,4
TGGTACAGTAATGCTC-4,4
TGGTACAGTACTGAGG-4,5
TGGTACAGTAGTGTGG-4,1
TGGTACAGTCAAGCCC-4,3
TGGTACAGTCCCGGTA-4,1
TGGTACAGTCCCGTGA-4,0
TGGTACAGTGTCTAAC-4,2
TGGTACAGTTAAGTCC-4,0
TGGTACAGTTCCACGG-4,2
TGGTACATCCAACTAG-4,2
TGGTACATCCATTGCC-4,1
TGGTACATCCCAACTC-4,2
TGGTACATCCGGACGT-4,6
TGGTACATCGCCTTGT-4,8
TGGTACATCGTCGGGT-4,2
TGGTACATCTAGTCAG-4,3
TGGTACATCTCACTCG-4,0
TGGTACATCTCGAGTA-4,5
TGGTACATCTTAGCCC-4,2
TGTCCTGAGACCATTC-4,6
TGTCCTGAGAGAGCGG-4,0
TGTCCTGAGATACCAA-4,3
TGTCCTGAGATGCTTC-4,2
TGTCCTGAGCCTCTGG-4,1
TGTCCTGAGCCTCTTC-4,3
TGTCCTGAGCTTGTTG-4,2
TGTCCTGAGGATCACG-4,3
TGTCCTGAGGTTGGAC-4,5
TGTCCTGAGTAGTCTC-4,1
TGTCCTGAGTCCCAAT-4,7
TGTCCTGCACTAAACC-4,2
TGTCCTGCACTATGTG-4,2
TGTCCTGCAGCAGTGA-4,5
TGTCCTGCATCCTTCG-4,0
TGTCCTGCATCTCCCA-4,0
TGTCCTGCATGAAGGC-4,0
TGTCCTGGTATACCTG-4,11
TGTCCTGGTATAGGAT-4,0
TGTCCTGGTCACGCTG-4,0
TGTCCTGGTCACTCGG-4,1
TGTCCTGGTCCCGGTA-4,0
TGTCCTGGTCTTCATT-4,0
TGTCCTGGTGATTGGG-4,6
TGTCCTGGTGCACAAG-4,11
TGTCCTGGTGCGGTAA-4,2
TGTCCTGGTTAGGAGC-4,4
TGTCCTGGTTCCGTTC-4,5
TGTCCTGTCAATCCAG-4,10
TGTCCTGTCACAAGAA-4,2
TGTCCTGTCATCGCTC-4,1
TGTCCTGTCATGCCCT-4,1
TGTCCTGTCCGAGAAG-4,10
TGTCCTGTCCGTATGA-4,1
TGTCCTGTCCTACAAG-4,3
TGTCCTGTCGCCTTGT-4,0
TGTCCTGTCGCGGTAC-4,1
TGTCCTGTCGTCGGGT-4,4
TGTCCTGTCTCCGAGG-4,3
TGTCCTGTCTGAATCG-4,1
TGTGATGAGAAATTGC-4,4
TGTGATGAGACGTCGA-4,3
TGTGATGAGATCACCT-4,0
TGTGATGAGATCGCCC-4,5
TGTGATGAGCACCTGC-4,2
TGTGATGAGCATTGAA-4,1
TGTGATGAGCTTGTTG-4,4
TGTGATGAGGGAGGTG-4,0
TGTGATGAGGTTACAA-4,3
TGTGATGAGTGCGTCC-4,0
TGTGATGCAATAGTAG-4,4
TGTGATGCAATCTGCA-4,6
TGTGATGCAATTAGGA-4,3
TGTGATGCACCAGCGT-4,7
TGTGATGCACTACACA-4,1
TGTGATGCACTTCAGA-4,4
TGTGATGCAGACCTAT-4,3
TGTGATGCAGCTACTA-4,5
TGTGATGCAGCTGCCA-4,5
TGTGATGCAGGTTCAT-4,3
TGTGATGCAGTGTGCC-4,0
TGTGATGCAGTTTCGA-4,5
TGTGATGCATATCTGG-4,11
TGTGATGCATGAAGCG-4,2
TGTGATGCATGAAGGC-4,4
TGTGATGCATGAATAG-4,3
TGTGATGGTAACTTCG-4,5
TGTGATGGTAGAATGT-4,1
TGTGATGGTCACGCTG-4,11
TGTGATGGTCCTTAAG-4,1
TGTGATGGTCGAATGG-4,1
TGTGATGGTCGGTGTC-4,10
TGTGATGGTGATTGGG-4,2
TGTGATGGTTAAGACA-4,3
TGTGATGGTTAAGTCC-4,6
TGTGATGGTTACACAC-4,0
TGTGATGGTTCCACGG-4,0
TGTGATGGTTGGACCC-4,0
TGTGATGGTTTGATCG-4,3
TGTGATGTCAAAGGTA-4,7
TGTGATGTCAAGAAAC-4,4
TGTGATGTCCAATCCC-4,4
TGTGATGTCCATTGCC-4,3
TGTGATGTCGAACGCC-4,0
TGTGATGTCGACGCGT-4,3
TGTGATGTCGCCACTT-4,2
TGTGATGTCGCGGTAC-4,0
TGTGATGTCGTCGGGT-4,3
TGTGATGTCGTTCCTG-4,1
TGTGATGTCTTAGCAG-4,1
TTACAGGAGAAATTGC-4,2
TTACAGGAGACGTCGA-4,5
TTACAGGAGATACCAA-4,2
TTACAGGAGCAGGTCA-4,5
TTACAGGAGCATTGAA-4,2
TTACAGGAGGTCTACT-4,4
TTACAGGAGTAGTCTC-4,2
TTACAGGAGTATAACG-4,4
TTACAGGAGTCATCCA-4,1
TTACAGGAGTCTTGGT-4,4
TTACAGGAGTGCGTCC-4,1
TTACAGGAGTGTTGAA-4,6
TTACAGGCAACGCATT-4,3
TTACAGGCAAGAGAGA-4,3
TTACAGGCAAGTAGTA-4,1
TTACAGGCAAGTCGTT-4,1
TTACAGGCAATAGTAG-4,1
TTACAGGCACATATGC-4,2
TTACAGGCACCGTGAC-4,4
TTACAGGCACTATGTG-4,5
TTACAGGCAGGGAATC-4,0
TTACAGGCATCAGTGT-4,1
TTACAGGCATCCTTCG-4,3
TTACAGGGTAACGCGA-4,13
TTACAGGGTAATGCTC-4,6
TTACAGGGTATGAGCG-4,3
TTACAGGGTCAAGCGA-4,0
TTACAGGGTCCCGGTA-4,11
TTACAGGGTCCCGTGA-4,0
TTACAGGGTCGTGCCA-4,5
TTACAGGGTCTAGGTT-4,1
TTACAGGGTGCCTTCT-4,1
TTACAGGGTGCGGTAA-4,2
TTACAGGGTTAGGAGC-4,1
TTACAGGGTTGGACCC-4,4
TTACAGGTCAAAGGTA-4,3
TTACAGGTCAATCCAG-4,3
TTACAGGTCACAAGAA-4,4
TTACAGGTCATGCCCT-4,3
TTACAGGTCATTTGGG-4,4
TTACAGGTCCAACTAG-4,6
TTACAGGTCCAATCCC-4,1
TTACAGGTCCCAACTC-4,1
TTACAGGTCCCAAGCG-4,11
TTACAGGTCCGTATGA-4,0
TTACAGGTCCTACAAG-4,0
TTACAGGTCCTTCACG-4,0
TTACAGGTCGACGCGT-4,1
TTACAGGTCGTCGGGT-4,0
TTACAGGTCTGAATCG-4,2
TTACAGGTCTGTGCGG-4,4
TTCGATTAGACCATTC-4,1
TTCGATTAGCACCTGC-4,0
TTCGATTAGCGAATGC-4,4
TTCGATTAGCGACATG-4,1
TTCGATTAGCTCACTA-4,1
TTCGATTAGCTTGTTG-4,2
TTCGATTAGGATCACG-4,4
TTCGATTAGGCGTTAG-4,3
TTCGATTAGGCTCAAG-4,2
TTCGATTAGGGAGGTG-4,7
TTCGATTAGTCATCCA-4,1
TTCGATTCAACCAATC-4,5
TTCGATTCAAGAGAGA-4,0
TTCGATTCACACCGCA-4,2
TTCGATTCACATGAAA-4,5
TTCGATTCACCCTCTA-4,4
TTCGATTCACTACCGG-4,2
TTCGATTCACTACGGC-4,4
TTCGATTCATCAGTGT-4,7
TTCGATTCATCCTATT-4,0
TTCGATTCATCTCCCA-4,0
TTCGATTGTAGAATGT-4,9
TTCGATTGTAGGTTTC-4,0
TTCGATTGTATGAGCG-4,2
TTCGATTGTCAAGCGA-4,2
TTCGATTGTCCACACG-4,0
TTCGATTGTCCCGGTA-4,5
TTCGATTGTCCCGTGA-4,0
TTCGATTGTCGAATGG-4,4
TTCGATTGTCTTCATT-4,4
TTCGATTGTGACAGGT-4,0
TTCGATTGTGACGCCT-4,7
TTCGATTGTGTCTAAC-4,3
TTCGATTGTTAAGTCC-4,5
TTCGATTGTTTGATCG-4,10
TTCGATTTCAAAGGTA-4,1
TTCGATTTCATCGCTC-4,5
TTCGATTTCATTTGGG-4,0
TTCGATTTCCAATCCC-4,5
TTCGATTTCCATTGCC-4,3
TTCGATTTCCGGACGT-4,6
TTCGATTTCCTACAAG-4,2
TTCGATTTCCTGCTAC-4,1
TTCGATTTCGTAGAGG-4,4
TTCGATTTCTTCCTAA-4,2
TTGTTTGAGACGTCCC-4,2
TTGTTTGAGACGTCGA-4,1
TTGTTTGAGATCACCT-4,4
TTGTTTGAGCGAATGC-4,5
TTGTTTGAGCTTAAGA-4,3
TTGTTTGAGGCCTAGA-4,5
TTGTTTGAGGTACAGC-4,0
TTGTTTGAGTATAACG-4,1
TTGTTTGAGTCATCCA-4,0
TTGTTTGCAATCTCGA-4,6
TTGTTTGCACAAATCC-4,3
TTGTTTGCACAGAGAC-4,0
TTGTTTGCACCGTGAC-4,3
TTGTTTGCACTAAACC-4,8
TTGTTTGCACTACCGG-4,3
TTGTTTGCAGCAGTGA-4,0
TTGTTTGCAGCTACTA-4,5
TTGTTTGCAGCTGCCA-4,1
TTGTTTGCATATCTGG-4,0
TTGTTTGCATCTCCCA-4,1
TTGTTTGGTAACGCGA-4,1
TTGTTTGGTCACGCTG-4,4
TTGTTTGGTCCCGTGA-4,0
TTGTTTGGTCGAATGG-4,1
TTGTTTGGTCGTATGT-4,0
TTGTTTGGTCTTCATT-4,0
TTGTTTGGTTCCACGG-4,0
TTGTTTGTCATTTGGG-4,3
TTGTTTGTCCGCTTAC-4,3
TTGTTTGTCCTACAAG-4,3
TTTCATGAGATACCAA-4,2
TTTCATGAGCAATTAG-4,2
TTTCATGAGCTTAAGA-4,3
TTTCATGAGCTTGTTG-4,0
TTTCATGAGTCCCAAT-4,0
TTTCATGCAAGTAGTA-4,7
TTTCATGCAATTAGGA-4,1
TTTCATGCACAGAGAC-4,4
TTTCATGCACGCGCAT-4,8
TTTCATGCAGCTACTA-4,1
TTTCATGCAGTGTGCC-4,1
TTTCATGCATGAATAG-4,0
TTTCATGGTAATGCTC-4,2
TTTCATGGTACGGGAT-4,4
TTTCATGGTATGAGCG-4,3
TTTCATGGTCAAGCGA-4,3
TTTCATGGTCGAATGG-4,0
TTTCATGGTCGTGCCA-4,8
TTTCATGGTGCACAAG-4,5
TTTCATGGTGCGGTAA-4,0
TTTCATGGTGTCTAAC-4,3
TTTCATGGTTCGGCTG-4,0
TTTCATGTCAAAGGTA-4,1
TTTCATGTCATGCCCT-4,3
TTTCATGTCCGAGAAG-4,0
TTTCATGTCCGCTTAC-4,4
TTTCATGTCCGGACGT-4,3
TTTCATGTCCTTCACG-4,10
TTTCATGTCGCCTTGT-4,1
TTTCATGTCGTCGGGT-4,2
TTTCATGTCGTTTACT-4,2
TTTCATGTCTAGTCAG-4,0
TTTCATGTCTGGCTGG-4,3
TTTCATGTCTTAGCAG-4,3
TTTCGATAGATCACCT-4,0
TTTCGATAGCCTCTTC-4,1
TTTCGATAGCGACATG-4,10
TTTCGATAGCTCTGTA-4,4
TTTCGATAGTAGTCTC-4,0
TTTCGATAGTGCGTCC-4,1
TTTCGATCAATAGTAG-4,0
TTTCGATCAATCTGCA-4,1
TTTCGATCAATTAGGA-4,3
TTTCGATCACTACACA-4,1
TTTCGATCACTACCGG-4,3
TTTCGATCACTATGTG-4,3
TTTCGATCATCCTATT-4,1
TTTCGATGTAACGCGA-4,4
TTTCGATGTAGCGTAG-4,4
TTTCGATGTATAGGAT-4,1
TTTCGATGTATGAGCG-4,0
TTTCGATGTCAAGCCC-4,0
TTTCGATGTCACGCTG-4,3
TTTCGATGTCGGTGTC-4,5
TTTCGATGTCTTCATT-4,3
TTTCGATGTGACAGGT-4,5
TTTCGATGTGGCTTAT-4,1
TTTCGATGTTCCACGG-4,3
TTTCGATGTTTGATCG-4,3
TTTCGATTCAAGAAAC-4,0
TTTCGATTCATCGCTC-4,1
TTTCGATTCATTTGGG-4,2
TTTCGATTCCCAAGCG-4,4
TTTCGATTCCGCACGA-4,4
TTTCGATTCCGGACGT-4,2
TTTCGATTCGACGCGT-4,4
TTTCGATTCTGCCCTA-4,2
TTTCGATTCTTAGCCC-4,3
TTTGTTGAGACCATTC-4,0
TTTGTTGAGCAATTAG-4,2
TTTGTTGAGCAGCCCT-4,3
TTTGTTGAGCTCACTA-4,2
TTTGTTGAGTATAACG-4,0
TTTGTTGAGTCATCCA-4,2
TTTGTTGAGTGGCCTC-4,4
TTTGTTGAGTGTGTTC-4,1
TTTGTTGCAATCAAGA-4,2
TTTGTTGCACACCGCA-4,5
TTTGTTGCACCGTGAC-4,9
TTTGTTGCACGCGCAT-4,8
TTTGTTGCACTACACA-4,0
TTTGTTGCAGACCTAT-4,4
TTTGTTGCAGGGAATC-4,11
TTTGTTGCATCAGTGT-4,4
TTTGTTGCATCTCCCA-4,1
TTTGTTGCATGTTCGA-4,2
TTTGTTGGTAGCGTAG-4,3
TTTGTTGGTATGCGTT-4,3
TTTGTTGGTCACTCGG-4,0
TTTGTTGGTCCCGGTA-4,5
TTTGTTGGTCGAATGG-4,8
TTTGTTGGTCTAGGTT-4,4
TTTGTTGGTTAAGACA-4,0
TTTGTTGGTTCGGCTG-4,1
TTTGTTGTCATGCCCT-4,6
TTTGTTGTCCAACTAG-4,5
TTTGTTGTCCGGACGT-4,3
TTTGTTGTCGACGCGT-4,4
TTTGTTGTCGCCTTGT-4,0
TTTGTTGTCGCGGTAC-4,11
TTTGTTGTCTCACTCG-4,1
TTTGTTGTCTCCAATT-4,0
